track_name,artist(s)_name,artist_count,released_year,released_month,released_day,streams,tempo,key,mode,danceability,valence,energy,acousticness,instrumentalness,liveness,speechiness
Seven (feat. Latto) (Explicit Ver.),"Latto, Jung Kook",2,2023,7,14,141381703,125,B,Major,0.8,0.89,0.83,0.31,0,0.08,0.04
LALA,Myke Towers,1,2023,3,23,133716286,92,C#,Major,0.71,0.61,0.74,0.07,0,0.1,0.04
vampire,Olivia Rodrigo,1,2023,6,30,140003974,138,F,Major,0.51,0.32,0.53,0.17,0,0.31,0.06
Cruel Summer,Taylor Swift,1,2019,8,23,800840817,170,A,Major,0.55,0.58,0.72,0.11,0,0.11,0.15
WHERE SHE GOES,Bad Bunny,1,2023,5,18,303236322,144,A,Minor,0.65,0.23,0.8,0.14,0.63,0.11,0.06
Sprinter,"Dave, Central Cee",2,2023,6,1,183706234,141,C#,Major,0.92,0.66,0.58,0.19,0,0.08,0.24
Ella Baila Sola,"Eslabon Armado, Peso Pluma",2,2023,3,16,725980112,148,F,Minor,0.67,0.83,0.76,0.48,0,0.08,0.03
Columbia,Quevedo,1,2023,7,7,58149378,100,F,Major,0.67,0.26,0.71,0.37,0,0.11,0.04
fukumean,Gunna,1,2023,5,15,95217315,130,C#,Minor,0.85,0.22,0.62,0.12,0,0.28,0.09
La Bebe - Remix,"Peso Pluma, Yng Lvcas",2,2023,3,17,553634067,170,D,Minor,0.81,0.56,0.48,0.21,0,0.08,0.33
un x100to,"Bad Bunny, Grupo Frontera",2,2023,4,17,505671438,83,F#,Minor,0.57,0.56,0.72,0.23,0,0.27,0.05
Super Shy,NewJeans,1,2023,7,7,58255150,150,F,Minor,0.78,0.52,0.82,0.18,0,0.15,0.07
Flowers,Miley Cyrus,1,2023,1,12,1316855716,118,,Major,0.71,0.65,0.68,0.06,0,0.03,0.07
Daylight,David Kushner,1,2023,4,14,387570742,130,D,Minor,0.51,0.32,0.43,0.83,0,0.09,0.03
As It Was,Harry Styles,1,2022,3,31,2513188493,174,F#,Minor,0.52,0.66,0.73,0.34,0,0.31,0.06
Kill Bill,SZA,1,2022,12,8,1163093654,89,G#,Major,0.64,0.43,0.73,0.05,0.17,0.16,0.04
Cupid - Twin Ver.,Fifty Fifty,1,2023,2,24,496795686,120,B,Minor,0.78,0.76,0.59,0.43,0,0.34,0.03
"What Was I Made For? [From The Motion Picture ""Barbie""]",Billie Eilish,1,2023,7,13,30546883,78,,Major,0.44,0.14,0.09,0.96,0,0.1,0.03
Classy 101,"Feid, Young Miko",2,2023,3,31,335222234,100,B,Major,0.86,0.67,0.66,0.14,0,0.12,0.16
Like Crazy,Jimin,1,2023,3,24,363369738,120,G,Major,0.63,0.36,0.73,0,0,0.36,0.04
LADY GAGA,"Gabito Ballesteros, Junior H, Peso Pluma",3,2023,6,22,86444842,140,F,Minor,0.65,0.87,0.74,0.22,0,0.42,0.04
I Can See You (TaylorÔøΩÔøΩÔøΩs Version) (From The ,Taylor Swift,1,2023,7,7,52135248,123,F#,Major,0.69,0.82,0.76,0.06,0,0.06,0.03
I Wanna Be Yours,Arctic Monkeys,1,2013,1,1,1297026226,135,,Minor,0.48,0.44,0.42,0.12,0.02,0.11,0.03
"Peso Pluma: Bzrp Music Sessions, Vol. 55","Bizarrap, Peso Pluma",2,2023,5,31,200647221,133,F,Minor,0.85,0.81,0.67,0.26,0,0.12,0.05
Popular (with Playboi Carti & Madonna) - The Idol Vol. 1 (Music from the HBO Original Series),"The Weeknd, Madonna, Playboi Carti",3,2023,6,2,115364561,99,C#,Major,0.85,0.83,0.68,0.07,0,0.36,0.2
SABOR FRESA,Fuerza Regida,1,2023,6,22,78300654,130,G,Minor,0.79,0.96,0.86,0.09,0,0.09,0.09
Calm Down (with Selena Gomez),"RÔøΩÔøΩma, Selena G",2,2022,3,25,899183384,107,B,Major,0.8,0.82,0.8,0.43,0,0.14,0.04
MOJABI GHOST,"Tainy, Bad Bunny",2,2023,6,29,61245289,122,F#,Minor,0.81,0.74,0.71,0.14,0,0.56,0.04
Last Night,Morgan Wallen,1,2023,1,31,429829812,204,F#,Major,0.52,0.52,0.68,0.46,0,0.15,0.04
Dance The Night (From Barbie The Album),Dua Lipa,1,2023,5,25,127408954,110,B,Minor,0.67,0.78,0.85,0.02,0,0.33,0.05
Rush,Troye Sivan,1,2023,7,13,22581161,126,F,Minor,0.74,0.35,0.84,0,0,0.11,0.06
TULUM,"Peso Pluma, Grupo Frontera",2,2023,6,28,52294266,168,F#,Major,0.56,0.63,0.87,0.39,0,0.11,0.05
Creepin',"The Weeknd, 21 Savage, Metro Boomin",3,2022,12,2,843957510,98,C#,Minor,0.71,0.17,0.61,0.36,0,0.08,0.05
Anti-Hero,Taylor Swift,1,2022,10,21,999748277,97,E,Major,0.64,0.51,0.63,0.12,0,0.19,0.05
TQG,"Karol G, Shakira",2,2023,2,23,618990393,180,E,Minor,0.72,0.61,0.63,0.67,0,0.09,0.28
Los del Espacio,"Big One, Duki, Lit Killah, Maria Becerra, FMK, Rusherking, Emilia, Tiago pzk",8,2023,6,1,123122413,120,,Major,0.81,0.63,0.68,0.11,0,0.11,0.04
FrÔøΩÔøΩgil (feat. Grupo Front,"Yahritza Y Su Esencia, Grupo Frontera",2,2023,4,7,188933502,150,F#,Major,0.61,0.39,0.73,0.37,0,0.11,0.03
Blank Space,Taylor Swift,1,2014,1,1,1355959075,96,F,Major,0.75,0.57,0.68,0.09,0,0.13,0.06
Style,Taylor Swift,1,2014,1,1,786181836,95,D,Major,0.6,0.48,0.79,0,0,0.12,0.04
TQM,Fuerza Regida,1,2023,5,19,176553476,125,F,Minor,0.79,0.96,0.85,0.27,0,0.11,0.06
El Azul,"Junior H, Peso Pluma",2,2023,2,10,354495408,144,A,Minor,0.56,0.84,0.65,0.23,0,0.1,0.06
Sunflower - Spider-Man: Into the Spider-Verse,"Post Malone, Swae Lee",2,2018,10,9,2808096550,90,D,Major,0.76,0.91,0.5,0.54,0,0.07,0.05
I'm Good (Blue),"Bebe Rexha, David Guetta",2,2022,8,26,1109433169,128,G,Minor,0.56,0.38,0.97,0.04,0,0.35,0.04
See You Again,"Tyler, The Creator, Kali Uchis",3,2017,7,21,1047101291,79,F#,Major,0.56,0.58,0.56,0.37,0,0.11,0.1
Barbie World (with Aqua) [From Barbie The Album],"Nicki Minaj, Aqua, Ice Spice",3,2023,6,23,65156199,144,,Major,0.77,0.75,0.58,0.52,0,0.23,0.25
Angels Like You,Miley Cyrus,1,2020,11,27,570515054,122,F,Major,0.67,0.49,0.64,0.1,0,0.1,0.03
I Ain't Worried,OneRepublic,1,2022,5,13,1085685420,140,,Major,0.71,0.82,0.81,0.11,0,0.06,0.05
Die For You,The Weeknd,1,2016,11,24,1647990401,134,C#,Minor,0.59,0.51,0.52,0.09,0,0.15,0.07
Starboy,"The Weeknd, Daft Punk",2,2016,9,21,2565529693,186,G,Major,0.68,0.49,0.59,0.16,0,0.13,0.28
Die For You - Remix,"Ariana Grande, The Weeknd",2,2023,2,24,518745108,67,C#,Minor,0.53,0.5,0.53,0.23,0,0.44,0.07
El Cielo,"Feid, Myke Towers, Sky Rompiendo",3,2023,6,2,107753850,106,A#,Minor,0.72,0.17,0.64,0.07,0,0.1,0.05
Baby Don't Hurt Me,"David Guetta, Anne-Marie, Coi Leray",3,2023,4,6,177740666,128,G,Major,0.6,0.23,0.91,0,0,0.12,0.03
AMARGURA,Karol G,1,2023,2,24,153372011,107,F#,Minor,0.92,0.55,0.7,0.18,0,0.15,0.07
(It Goes Like) Nanana - Edit,Peggy Gou,1,2023,6,15,57876440,130,G,Minor,0.67,0.96,0.88,0.12,0.19,0.08,0.04
Another Love,Tom Odell,1,2012,10,15,1813673666,123,E,Minor,0.45,0.13,0.54,0.7,0,0.09,0.04
Blinding Lights,The Weeknd,1,2019,11,29,3703895074,171,C#,Major,0.5,0.38,0.8,0,0,0.09,0.07
Moonlight,Kali Uchis,1,2023,2,24,256483385,137,G,Minor,0.64,0.88,0.72,0.51,0,0.17,0.05
La Bachata,Manuel Turizo,1,2022,5,26,1214083358,125,G,Minor,0.84,0.85,0.68,0.58,0,0.22,0.04
S91,Karol G,1,2023,7,14,16011326,128,,Minor,0.86,0.42,0.72,0.59,0,0.09,0.19
cardigan,Taylor Swift,1,2020,7,24,812019557,130,,Minor,0.61,0.53,0.58,0.55,0,0.27,0.04
TÔøΩÔø,"dennis, MC Kevin o Chris",2,2023,5,4,111947664,130,B,Major,0.86,0.59,0.96,0.5,0.01,0.09,0.05
Boy's a liar Pt. 2,"PinkPantheress, Ice Spice",2,2023,2,3,156338624,133,F,Major,0.7,0.86,0.81,0.25,0,0.25,0.05
Left and Right (Feat. Jung Kook of BTS),"Charlie Puth, BTS, Jung Kook",3,2022,6,24,720434240,101,D,Major,0.88,0.72,0.59,0.62,0,0.09,0.03
BESO,"Rauw Alejandro, ROSALÔøΩ",2,2023,3,24,357925728,95,F,Minor,0.77,0.53,0.64,0.74,0,0.17,0.14
Hey Mor,"Ozuna, Feid",2,2022,10,6,674072710,98,C#,Minor,0.9,0.4,0.59,0,0,0.1,0.29
Yellow,Chris Molitor,1,1999,1,1,1755214421,173,B,Major,0.43,0.28,0.66,0,0,0.23,0.03
Karma,Taylor Swift,1,2022,10,21,404562836,90,G#,Major,0.64,0.1,0.62,0.07,0,0.48,0.07
People,Libianca,1,2022,12,2,373199958,198,A#,Minor,0.59,0.71,0.42,0.55,0,0.1,0.07
Overdrive,Post Malone,1,2023,7,14,14780425,140,C#,Major,0.56,0.48,0.73,0,0,0.35,0.04
Enchanted (Taylor's Version),Taylor Swift,1,2023,7,7,39578178,82,G#,Major,0.51,0.22,0.53,0.01,0,0.15,0.03
BABY HELLO,"Rauw Alejandro, Bizarrap",2,2023,6,23,54266102,130,C#,Minor,0.77,0.84,0.89,0.17,0,0.43,0.05
Heat Waves,Glass Animals,1,2020,6,28,2557975762,81,B,Major,0.76,0.53,0.53,0.44,0,0.09,0.09
golden hour,JVKE,1,2022,7,15,751134527,94,C#,Minor,0.51,0.14,0.59,0.65,0.18,0.25,0.03
Sweater Weather,The Neighbourhood,1,2012,5,14,2282771485,124,A#,Major,0.61,0.41,0.81,0.05,0.02,0.1,0.03
"Quevedo: Bzrp Music Sessions, Vol. 52","Bizarrap, Quevedo",2,2022,7,6,1356565093,128,D,Major,0.62,0.55,0.78,0.01,0.03,0.23,0.04
Viva La Vida,Coldplay,1,2008,1,1,1592909789,138,F,Minor,0.49,0.42,0.62,0.09,0,0.11,0.03
Here With Me,d4vd,1,2022,7,17,635412045,132,E,Major,0.58,0.27,0.48,0.5,0,0.12,0.03
Unholy (feat. Kim Petras),"Sam Smith, Kim Petras",2,2022,9,22,1230675890,131,D,Major,0.71,0.24,0.47,0.01,0,0.27,0.09
Yandel 150,"Yandel, Feid",2,2022,12,20,585695368,168,F#,Minor,0.78,0.58,0.73,0.05,0,0.1,0.07
CORAZÔøΩÔøΩN VA,Maria Becerra,1,2023,6,22,43857627,98,C#,Major,0.68,0.4,0.79,0.33,0,0.3,0.06
Riptide,Vance Joy,1,1975,1,1,2009094673,102,C#,Major,0.48,0.5,0.73,0.43,0,0.15,0.04
Until I Found You (with Em Beihold) - Em Beihold Version,"Em Beihold, Stephen Sanchez",2,2022,4,22,600976848,101,A#,Major,0.34,0.32,0.57,0.78,0,0.2,0.03
Novidade na ÔøΩÔø,"Mc Livinho, DJ Matt D",2,2023,6,23,39709092,130,F,Major,0.63,0.36,0.34,0.76,0,0.35,0.09
Back To December (Taylor's Version),Taylor Swift,1,2023,7,7,39228929,142,D,Major,0.5,0.2,0.64,0.01,0,0.12,0.03
STAY (with Justin Bieber),"Justin Bieber, The Kid Laroi",2,2021,7,9,2665343922,170,C#,Major,0.59,0.48,0.76,0.04,0,0.1,0.05
El Merengue,"Marshmello, Manuel Turizo",2,2023,3,3,223633238,124,G#,Minor,0.78,0.7,0.68,0.03,0.01,0.11,0.04
Someone You Loved,Lewis Capaldi,1,2018,11,8,2887241814,110,C#,Major,0.5,0.45,0.41,0.75,0,0.11,0.03
Me Porto Bonito,"Chencho Corleone, Bad Bunny",2,2022,5,6,1440757818,92,C#,Minor,0.91,0.43,0.71,0.09,0,0.09,0.08
Makeba,Jain,1,2015,6,22,165484133,116,D,Major,0.82,0.4,0.66,0.39,0.51,0.25,0.07
MONTAGEM - FR PUNK,"Ayparia, unxbected",2,2012,6,20,58054811,129,A,Major,0.63,0.84,0.82,0.7,0.08,0.09,0.07
Fast Car,Luke Combs,1,2023,3,24,157058870,98,G#,Major,0.71,0.67,0.6,0.19,0,0.12,0.03
What It Is (Solo Version),Doechii,1,2023,3,17,95131998,172,C#,Minor,0.74,0.76,0.76,0.06,0,0.1,0.09
Coco Chanel,"Bad Bunny, Eladio Carrion",2,2023,3,17,250305248,150,D,Major,0.68,0.14,0.76,0.04,0,0.1,0.04
DonÔøΩÔøΩÔøΩt Bl,Taylor Swift,1,2017,11,8,685032533,136,A,Minor,0.62,0.19,0.53,0.11,0,0.06,0.04
Still With You,Jung Kook,1,2020,6,5,38411956,88,C#,Minor,0.53,0.34,0.47,0.09,0,0.83,0.04
All My Life (feat. J. Cole),"J. Cole, Lil Durk",2,2023,5,12,144565150,143,D#,Major,0.83,0.69,0.44,0.15,0,0.1,0.33
Say Yes To Heaven,Lana Del Rey,1,2023,3,17,127567540,100,F#,Minor,0.49,0.17,0.35,0.71,0.09,0.11,0.03
Snooze,SZA,1,2022,12,9,399686758,143,F,Major,0.56,0.39,0.55,0.14,0,0.11,0.13
Summertime Sadness,Lana Del Rey,1,2011,1,1,983637508,112,C#,Minor,0.56,0.24,0.66,0.07,0,0.12,0.03
Take Two,BTS,1,2023,6,9,118482347,93,G,Major,0.62,0.57,0.59,0.03,0,0.38,0.03
Lover,Taylor Swift,1,2012,1,1,882831184,206,G,Major,0.43,0.5,0.55,0.5,0,0.15,0.1
Too Many Nights (feat. Don Toliver & with Future),"Future, Metro Boomin, Don Toliver",3,2022,12,2,286400165,88,G,Minor,0.68,0.17,0.71,0.15,0,0.11,0.05
Chemical,Post Malone,1,2023,4,14,172825906,170,D,Major,0.5,0.37,0.9,0,0,0.12,0.05
Mockingbird,Eminem,1,2004,1,1,1241559043,84,E,Minor,0.62,0.24,0.67,0.21,0,0.13,0.28
New Jeans,NewJeans,1,2023,7,7,29562220,134,E,Minor,0.81,0.53,0.72,0.51,0,0.12,0.05
Primera Cita,Carin Leon,1,2022,4,20,77309611,158,A#,Major,0.54,0.5,0.4,0.61,0,0.1,0.06
Cold Heart - PNAU Remix,"Dua Lipa, Elton John, Pnau",3,2017,11,10,1605224506,116,C#,Major,0.8,0.92,0.8,0.04,0,0.1,0.03
Dandelions,Ruth B.,1,2017,4,28,1116995633,117,C#,Major,0.61,0.45,0.69,0.02,0,0.09,0.03
Bones,Imagine Dragons,1,2021,3,11,838079900,114,F,Minor,0.77,0.65,0.72,0.02,0,0.07,0.05
Set Fire to the Rain,Adele,1,2011,1,1,1163620694,108,D,Minor,0.61,0.47,0.68,0,0,0.13,0.03
Money Trees,"Kendrick Lamar, Jay Rock",2,2012,1,1,1093605526,144,E,Minor,0.74,0.37,0.53,0.07,0,0.21,0.1
Tak Segampang Itu,Anggi Marito,1,2022,12,2,179659294,130,F,Major,0.51,0.18,0.44,0.76,0,0.11,0.03
LAGUNAS,"Jasiel NuÔøΩÔøΩez, Peso P",2,2023,6,22,39058561,116,B,Major,0.77,0.79,0.62,0.33,0.01,0.15,0.03
Mine (Taylor's Version),Taylor Swift,1,2023,7,7,36912123,121,G,Major,0.65,0.49,0.78,0,0,0.17,0.04
Everybody Wants To Rule The World,Tears For Fears,1,1985,2,17,1205951614,112,G,Major,0.64,0.54,0.81,0.36,0,0.11,0.06
No Role Modelz,J. Cole,1,2014,12,9,1791000570,100,A#,Minor,0.7,0.47,0.52,0.3,0,0.06,0.33
Tattoo,Loreen,1,2023,2,25,201660859,150,D#,Minor,0.55,0.3,0.78,0.24,0,0.12,0.08
Rara Vez,"Taiu, Milo j",2,2023,2,8,248088961,120,F,Minor,0.84,0.96,0.71,0.18,0,0.34,0.17
VAGABUNDO,"Sebastian Yatra, Manuel Turizo, BeÔøΩÔ",3,2023,5,12,90839753,127,B,Minor,0.82,0.89,0.85,0.04,0,0.23,0.06
august,Taylor Swift,1,2020,7,24,607123776,90,F,Major,0.51,0.42,0.61,0.53,0,0.09,0.03
LUNA,"Junior H, Peso Pluma",2,2023,6,22,55842345,128,A,Minor,0.75,0.79,0.63,0.33,0,0.15,0.04
Miracle (with Ellie Goulding),"Calvin Harris, Ellie Goulding",2,2023,3,10,211050784,143,A,Major,0.64,0.31,0.87,0.04,0.04,0.08,0.04
Nonsense,Sabrina Carpenter,1,2022,7,15,342897938,139,G#,Major,0.74,0.68,0.68,0.03,0,0.26,0.04
Que Vuelvas,"Carin Leon, Grupo Frontera",2,2022,12,9,2762,162,A#,Major,0.49,0.78,0.64,0.19,0,0.11,0.04
Por las Noches,Peso Pluma,1,2021,6,11,330346424,92,,Major,0.81,0.39,0.6,0.31,0,0.07,0.03
Feliz CumpleaÔøΩÔøΩos Fe,Feid,1,2022,8,19,601863821,95,F,Major,0.87,0.57,0.55,0.1,0,0.29,0.07
Can't Hold Us (feat. Ray Dalton),"Ray Dalton, Ryan Lewis, Macklemore",3,2011,8,16,1953533826,146,D,Major,0.63,0.88,0.93,0.03,0,0.1,0.08
Watermelon Sugar,Harry Styles,1,2019,11,17,2322580122,95,,Major,0.55,0.56,0.82,0.12,0,0.34,0.05
lovely - Bonus Track,"Billie Eilish, Khalid",2,2017,8,11,2355719893,115,E,Minor,0.35,0.12,0.3,0.93,0,0.1,0.03
"Rauw Alejandro: Bzrp Music Sessions, Vol. 56","Rauw Alejandro, Bizarrap",2,2023,6,21,66902503,128,B,Major,0.78,0.59,0.65,0.1,0,0.26,0.05
Queencard,(G)I-DLE,1,2023,5,15,96273746,130,E,Minor,0.82,0.69,0.83,0.03,0,0.27,0.05
OMG,NewJeans,1,2023,1,2,430977451,127,A,Minor,0.8,0.74,0.77,0.36,0,0.11,0.04
Radio,Lana Del Rey,1,2011,1,1,284819874,150,D,Major,0.42,0.2,0.86,0.21,0,0.09,0.09
"Shakira: Bzrp Music Sessions, Vol. 53","Shakira, Bizarrap",2,2023,1,11,721975598,122,D,Minor,0.78,0.5,0.63,0.27,0,0.09,0.05
505,Arctic Monkeys,1,2007,4,20,1217120710,140,,Major,0.52,0.2,0.85,0,0,0.07,0.05
"Calling (Spider-Man: Across the Spider-Verse) (Metro Boomin & Swae Lee, NAV, feat. A Boogie Wit da Hoodie)","Swae Lee, A Boogie Wit da Hoodie, Metro Boomin, NAV",4,2023,6,2,109276132,140,,Major,0.63,0.22,0.54,0.46,0,0.12,0.08
Trance (with Travis Scott & Young Thug),"Travis Scott, Young Thug, Metro Boomin",3,2022,12,2,276259178,119,C#,Minor,0.75,0.48,0.53,0.18,0,0.18,0.34
"Tere Vaaste (From ""Zara Hatke Zara Bachke"")","Sachin-Jigar, Shadab Faridi, Altamash Faridi, Amitabh Bhattacharya, Varun Jain",5,2023,5,22,54225632,110,G,Minor,0.76,0.96,0.72,0.32,0,0.09,0.04
Perfect,Ed Sheeran,1,2017,1,1,2559529074,95,G#,Major,0.6,0.17,0.45,0.16,0,0.11,0.02
Romantic Homicide,d4vd,1,2022,7,20,681583126,132,F#,Major,0.56,0.2,0.55,0.45,0.01,0.32,0.03
Believer,Imagine Dragons,1,2017,1,31,2594040133,125,A#,Minor,0.77,0.74,0.78,0.04,0,0.23,0.11
Novo BalanÔøΩ,"Veigh, Bvga Beatz, Supernova Ent, Prod Malax",4,2023,5,19,81102253,124,D#,Minor,0.84,0.65,0.5,0.67,0,0.13,0.06
"Gol Bolinha, Gol Quadrado 2","Mc Pedrinho, DJ 900",2,2023,6,1,11956641,133,B,Minor,0.93,0.68,0.65,0.42,0,0.12,0.25
Without Me,Eminem,1,2002,1,1,1687664027,112,G,Major,0.92,0.67,0.66,0,0,0.36,0.09
QUEMA,"Sog, Ryan Castro, Peso Pluma",3,2023,7,13,11599388,97,,Major,0.79,0.92,0.89,0.05,0,0.06,0.05
Stargirl Interlude,"The Weeknd, Lana Del Rey",2,2016,11,24,611700552,90,F,Minor,0.59,0.52,0.48,0.38,0.05,0.1,0.11
Ojitos Lindos,"Bomba EstÔøΩÔøΩreo, Bad B",2,2022,5,6,1133865788,80,D#,Minor,0.65,0.27,0.69,0.08,0,0.53,0.04
Somewhere Only We Know,Keane,1,2004,1,1,1089402494,172,A,Major,0.45,0.33,0.59,0.06,0,0.08,0.03
Those Eyes,New West,1,2019,5,10,411747614,120,E,Major,0.6,0.24,0.35,0.73,0,0.31,0.03
El Gordo Trae El Mando,Chino Pacas,1,2023,1,27,255932395,140,G,Minor,0.74,0.96,0.8,0.18,0,0.05,0.05
Mi Bello Angel,Natanael Cano,1,2023,6,30,31873544,128,A,Minor,0.81,0.9,0.77,0.01,0,0.09,0.05
Bye,Peso Pluma,1,2023,5,26,95053634,122,,Major,0.78,0.7,0.81,0.57,0,0.1,0.05
Danza Kuduro,"Don Omar, Lucenzo",2,2010,1,1,1279434863,130,,Major,0.47,0.86,0.92,0.08,0,0.05,0.24
Nosso Quadro,"Ana Castela, AgroPlay",2,2023,2,2,233801632,160,A,Major,0.69,0.61,0.71,0.33,0,0.31,0.2
Locked Out Of Heaven,Bruno Mars,1,2012,12,5,1481349984,144,F,Major,0.73,0.87,0.7,0.06,0,0.28,0.05
Un Finde | CROSSOVER #2,"Big One, FMK, Ke personajes",3,2023,4,4,142095275,192,B,Major,0.5,0.85,0.52,0.11,0,0.28,0.06
Jimmy Cooks (feat. 21 Savage),"Drake, 21 Savage",2,2022,6,17,618885532,163,,Major,0.54,0.4,0.67,0,0,0.09,0.17
Counting Stars,OneRepublic,1,2013,1,1,2011464183,122,C#,Minor,0.66,0.48,0.71,0.06,0,0.12,0.04
Ghost,Justin Bieber,1,2021,3,19,1167330737,154,D,Major,0.61,0.41,0.74,0.21,0,0.4,0.06
Under The Influence,Chris Brown,1,2019,10,4,929964809,117,A,Minor,0.73,0.31,0.69,0.06,0,0.11,0.04
PRC,"Natanael Cano, Peso Pluma",2,2023,1,23,436027885,138,G,Minor,0.78,0.89,0.83,0.1,0,0.12,0.05
Gasolina,Daddy Yankee,1,2004,7,13,657723613,96,,Major,0.86,0.74,0.8,0.33,0,0.08,0.06
One Dance,"Drake, WizKid, Kyla",3,2016,4,4,2713922350,104,C#,Major,0.77,0.36,0.63,0.01,0,0.36,0.05
Enchanted,Taylor Swift,1,2010,1,1,621660989,164,G#,Major,0.45,0.24,0.62,0.08,0,0.16,0.03
Save Your Tears,The Weeknd,1,2020,3,20,1591223784,118,,Major,0.68,0.61,0.82,0.02,0,0.5,0.03
Sure Thing,Miguel,1,2010,5,25,950906471,81,B,Minor,0.68,0.51,0.6,0.03,0,0.19,0.1
Every Breath You Take - Remastered 2003,The Police,1,1983,1,6,1593270737,117,C#,Major,0.82,0.73,0.45,0.54,0,0.07,0.03
The Night We Met,Lord Huron,1,2015,2,2,1410088830,174,D,Major,0.45,0.1,0.37,0.97,0.25,0.64,0.04
We Found Love,"Rihanna, Calvin Harris",2,2011,1,1,1235005533,128,C#,Major,0.73,0.6,0.77,0.03,0,0.11,0.04
When I Was Your Man,Bruno Mars,1,2012,12,5,1661187319,145,,Major,0.6,0.43,0.27,0.94,0,0.14,0.04
Let Me Down Slowly,Alec Benjamin,1,2018,5,25,1374581173,150,C#,Minor,0.65,0.51,0.55,0.73,0,0.14,0.03
"Am I Dreaming (Metro Boomin & A$AP Rocky, Roisee)","A$AP Rocky, Metro Boomin, Roisee",3,2023,6,2,94186466,90,A,Minor,0.6,0.13,0.53,0.04,0,0.21,0.04
Do I Wanna Know?,Arctic Monkeys,1,2013,1,1,1788326445,85,F,Major,0.55,0.42,0.53,0.17,0,0.22,0.03
Demons,Imagine Dragons,1,2012,1,1,1840364617,180,D#,Major,0.33,0.38,0.71,0.2,0,0.28,0.05
˝˝˝˝˝˝˝˝˝˝˝˝,YOASOBI,1,2023,4,12,143573775,166,C#,Major,0.57,0.84,0.94,0.11,0,0.37,0.09
Reminder,The Weeknd,1,2016,11,25,684675814,160,G#,Major,0.71,0.4,0.5,0.16,0,0.16,0.22
Shake It Off,Taylor Swift,1,2014,1,1,1113838873,160,G,Major,0.65,0.95,0.8,0.05,0,0.41,0.16
Why'd You Only Call Me When You're High?,Arctic Monkeys,1,2013,1,1,1267333350,92,D,Major,0.7,0.81,0.63,0.04,0,0.08,0.04
SNAP,Rosa Linn,1,2022,3,19,726307468,170,,Major,0.56,0.53,0.64,0.11,0,0.45,0.06
Shape of You,Ed Sheeran,1,2017,1,6,3562543890,96,C#,Minor,0.83,0.93,0.65,0.58,0,0.09,0.08
Night Changes,One Direction,1,2014,11,17,1131090940,120,G#,Major,0.67,0.4,0.52,0.86,0,0.12,0.04
Fin de Semana,"Oscar Maydon, Junior H",2,2023,1,13,307370144,98,,Major,0.7,0.37,0.54,0.06,0,0.09,0.08
Creep,Radiohead,1,1992,9,21,1271293243,92,G,Major,0.53,0.12,0.34,0.01,0,0.12,0.04
Car's Outside,James Arthur,1,2019,10,18,265882712,150,A,Major,0.34,0.24,0.56,0.04,0,0.11,0.03
Apocalypse,Cigarettes After Sex,1,2017,3,21,841749534,94,F,Major,0.37,0.17,0.47,0.02,0.46,0.11,0.03
Cheques,Shubh,1,2023,5,19,47956378,90,E,Minor,0.74,0.36,0.63,0.26,0,0.27,0.05
Pink + White,Frank Ocean,1,2016,8,20,806397070,160,A,Major,0.54,0.54,0.55,0.67,0,0.42,0.11
Circles,Post Malone,1,2019,8,30,2132335812,120,,Major,0.7,0.59,0.75,0.24,0,0.09,0.04
Just The Way You Are,Bruno Mars,1,2010,1,1,1641426668,109,F,Major,0.63,0.46,0.85,0.01,0,0.09,0.05
Take Me To Church,Hozier,1,2013,9,13,2135158446,129,E,Minor,0.57,0.41,0.66,0.63,0,0.12,0.05
Bebe Dame,"Fuerza Regida, Grupo Frontera",2,2022,12,16,367316268,157,G,Major,0.54,0.75,0.6,0.3,0,0.07,0.05
You Belong With Me (TaylorÔøΩÔøΩÔøΩs Ve,Taylor Swift,1,2021,4,9,350381515,130,F#,Major,0.63,0.49,0.73,0.05,0,0.09,0.03
Titi Me PreguntÔø,Bad Bunny,1,2022,5,6,1264310836,107,F,Minor,0.65,0.19,0.72,0.1,0,0.13,0.25
Better Than Revenge (Taylor's Version),Taylor Swift,1,2023,7,7,30343206,146,B,Minor,0.5,0.67,0.89,0,0,0.19,0.08
Shut up My Moms Calling,Hotel Ugly,1,2020,2,10,405136812,139,A,Minor,0.48,0.37,0.41,0.32,0,0.1,0.1
Have You Ever Seen The Rain?,Creedence Clearwater Revival,1,1968,7,1,1145727611,116,,Major,0.74,0.76,0.7,0.07,0,0.13,0.03
Es un Secreto,Plan B,1,2010,7,20,540654286,95,F#,Minor,0.84,0.52,0.77,0.12,0,0.07,0.04
POLARIS - Remix,"Feid, Mora, Saiko, Quevedo",4,2023,6,8,57312735,170,G#,Minor,0.62,0.55,0.8,0.15,0,0.37,0.07
Ditto,NewJeans,1,2022,12,19,397582059,134,F#,Minor,0.81,0.18,0.64,0.03,0,0.1,0.11
Take On Me,a-ha,1,1984,10,19,1479115056,84,F#,Minor,0.57,0.86,0.9,0.02,0,0.09,0.05
"Annihilate (Spider-Man: Across the Spider-Verse) (Metro Boomin & Swae Lee, Lil Wayne, Offset)","Swae Lee, Lil Wayne, Offset, Metro Boomin",4,2023,6,2,86773632,146,B,Minor,0.61,0.2,0.48,0.21,0,0.12,0.06
"Angel Pt 1 (feat. Jimin of BTS, JVKE & Muni Long)","Kodak Black, NLE Choppa, Muni Long, JVKE, Jimin",5,2023,5,1,133753727,74,A#,Minor,0.53,0.24,0.67,0.11,0,0.1,0.28
AcrÔøΩÔøΩs,Shakira,1,2023,5,11,123124076,144,B,Major,0.75,0.35,0.48,0.84,0,0.1,0.12
AMG,"Natanael Cano, Gabito Ballesteros, Peso Pluma",3,2022,11,24,463564958,136,B,Minor,0.77,0.79,0.73,0.15,0,0.27,0.1
"Phir Aur Kya Chahiye (From ""Zara Hatke Zara Bachke"")","Arijit Singh, Sachin-Jigar, Amitabha Bhattacharya",3,2023,5,15,64533040,100,E,Major,0.56,0.53,0.55,0.53,0,0.12,0.04
S-Class,Stray Kids,1,2023,6,2,65496046,105,F,Minor,0.89,0.67,0.78,0.09,0,0.07,0.33
Hits Different,Taylor Swift,1,2023,5,26,68616963,106,F,Major,0.67,0.24,0.78,0.15,0,0.3,0.04
Chanel,"Becky G, Peso Pluma",2,2023,3,30,161460990,132,D,Major,0.85,0.53,0.68,0.4,0,0.09,0.04
Self Love (Spider-Man: Across the Spider-Verse) (Metro Boomin & Coi Leray),"Metro Boomin, Coi Leray",2,2023,6,2,70106975,120,A,Major,0.78,0.05,0.3,0.21,0,0.13,0.05
Area Codes,"Kaliii, Kaliii",2,2023,3,17,113509496,155,C#,Major,0.82,0.51,0.39,0.02,0,0.09,0.49
Abcdario,"Junior H, Eden MuÔøΩÔ",2,2023,5,13,89933133,129,G#,Major,0.7,0.42,0.43,0.78,0,0.11,0.03
Obsessed,"Abhijay Sharma, Riar Saab",2,2022,9,29,71007139,135,F,Minor,0.8,0.85,0.74,0.62,0,0.08,0.09
PiÔøΩÔøΩman DeÔø,"Semicenk, DoÔøΩÔøΩu ",2,2023,6,2,43522589,98,A#,Minor,0.73,0.45,0.62,0.28,0,0.13,0.13
FLOWER,JISOO,1,2023,3,31,232896922,124,A,Minor,0.84,0.64,0.39,0.03,0,0.11,0.04
"All The Way Live (Spider-Man: Across the Spider-Verse) (Metro Boomin & Future, Lil Uzi Vert)","Future, Lil Uzi Vert, Metro Boomin",3,2023,6,2,37126685,135,A,Minor,0.77,0.28,0.55,0.18,0,0.22,0.15
Eyes Closed,Ed Sheeran,1,2023,3,23,195576623,107,D,Major,0.78,0.39,0.53,0.3,0,0.11,0.06
Escapism.,"RAYE, 070 Shake",2,2022,10,12,532336353,96,D,Major,0.54,0.25,0.74,0.14,0,0.09,0.11
La Jumpa,"Arcangel, Bad Bunny",2,2022,11,30,538115192,123,G#,Major,0.71,0.58,0.7,0.3,0,0.32,0.19
Karma (feat. Ice Spice),"Taylor Swift, Ice Spice",2,2023,5,26,46142772,90,G#,Major,0.62,0.07,0.62,0.06,0,0.58,0.06
Superhero (Heroes & Villains) [with Future & Chris Brown],"Future, Chris Brown, Metro Boomin",3,2022,12,2,401036314,117,F,Minor,0.72,0.45,0.59,0.14,0,0.2,0.21
Las Morras,"BLESSD, Peso Pluma",2,2023,4,4,127026613,133,A,Minor,0.78,0.9,0.84,0.31,0,0.07,0.04
CHORRITO PA LAS ANIMAS,Feid,1,2022,12,2,345031710,96,G#,Minor,0.74,0.61,0.83,0.11,0,0.35,0.06
Ch y la Pizza,"Fuerza Regida, Natanael Cano",2,2022,12,1,288101651,149,G#,Major,0.66,0.85,0.6,0.4,0,0.14,0.13
Snow On The Beach (feat. More Lana Del Rey),"Lana Del Rey, Taylor Swift",2,2023,5,26,60350538,110,F#,Minor,0.66,0.32,0.4,0.81,0,0.11,0.03
Players,Coi Leray,1,2022,11,30,335074782,105,F#,Major,0.95,0.62,0.52,0.03,0,0.05,0.16
Bite Me,ENHYPEN,1,2023,5,22,76767396,105,C#,Major,0.8,0.69,0.78,0.28,0,0.11,0.14
Stand By Me (feat. Morgan Wallen),"Lil Durk, Morgan Wallen",2,2023,5,26,46065667,134,B,Major,0.76,0.61,0.58,0.06,0,0.16,0.03
Normal,Feid,1,2022,7,8,459276435,170,E,Minor,0.71,0.59,0.56,0.04,0,0.27,0.12
Hummingbird (Metro Boomin & James Blake),"James Blake, Metro Boomin",2,2023,6,2,39666245,81,F#,Major,0.59,0.26,0.6,0.46,0.01,0.25,0.13
Seu Brilho Sumiu - Ao Vivo,"Israel & Rodolffo, Mari Fernandez",2,2023,3,1,138517666,154,F#,Major,0.63,0.75,0.92,0.31,0,0.91,0.05
Bad Habit,Steve Lacy,1,2022,6,29,822633917,169,C#,Major,0.69,0.69,0.51,0.63,0,0.38,0.04
CUFF IT,BeyoncÔø,1,2022,7,29,595900742,115,G,Major,0.78,0.64,0.69,0.04,0,0.07,0.14
Lilith (feat. SUGA of BTS) (Diablo IV Anthem),"Halsey, Suga",2,2023,6,5,51985779,84,A,Minor,0.43,0.14,0.74,0.01,0,0.19,0.08
69,"Nicky Jam, Feid",2,2023,5,18,57945987,93,G#,Major,0.79,0.58,0.62,0.11,0,0.11,0.23
NiÔøΩÔøΩa Bo,"Sean Paul, Feid",2,2023,4,21,115010040,91,G,Major,0.82,0.47,0.62,0.1,0,0.1,0.15
Search & Rescue,Drake,1,2023,4,7,175097833,142,A#,Minor,0.82,0.54,0.44,0.06,0,0.33,0.07
AMERICA HAS A PROBLEM (feat. Kendrick Lamar),"Kendrick Lamar, BeyoncÔø",2,2023,5,19,57089066,126,C#,Major,0.78,0.2,0.7,0.01,0,0.16,0.04
Lavender Haze,Taylor Swift,1,2022,10,21,488386797,97,A#,Major,0.73,0.1,0.44,0.26,0,0.16,0.08
"Link Up (Metro Boomin & Don Toliver, Wizkid feat. BEAM & Toian) - Spider-Verse Remix (Spider-Man: Across the Spider-Verse )","WizKid, Toian, Metro Boomin, Don Toliver, Beam",5,2023,6,2,32761689,101,F,Major,0.92,0.59,0.51,0.41,0.51,0.26,0.08
Efecto,Bad Bunny,1,2022,5,6,1047480053,98,G,Minor,0.8,0.23,0.48,0.14,0,0.06,0.05
Erro Gostoso - Ao Vivo,Simone Mendes,1,2023,1,27,153454328,154,F#,Major,0.59,0.63,0.89,0.18,0,0.8,0.09
Cupido,Tini,1,2023,2,14,217672943,120,A,Major,0.91,0.63,0.58,0.52,0,0.31,0.22
Just Wanna Rock,Lil Uzi Vert,1,2022,10,17,457184829,150,B,Major,0.49,0.04,0.55,0.07,0,0.06,0.03
Unstoppable,Sia,1,2016,1,21,939844851,174,A,Major,0.47,0.27,0.78,0.11,0,0.1,0.08
Until I Found You,Stephen Sanchez,1,2021,9,1,726434358,202,A#,Major,0.34,0.25,0.51,0.69,0,0.18,0.04
Rich Flex,"Drake, 21 Savage",2,2022,11,4,573633020,153,B,Minor,0.56,0.42,0.52,0.05,0,0.36,0.24
Easy On Me,Adele,1,2021,10,14,1406111294,142,F,Major,0.6,0.13,0.37,0.58,0,0.13,0.03
CartÔøΩÔøΩo B,"MC Caverinha, KayBlack",2,2023,5,11,71573339,108,A,Minor,0.84,0.55,0.47,0.26,0,0.2,0.64
Danger (Spider) (Offset & JID),"Offset, JID",2,2023,6,2,24975653,143,B,Major,0.83,0.25,0.69,0.04,0,0.23,0.12
Oi Balde - Ao Vivo,ZÔøΩÔøΩ Neto & Crist,1,2023,2,14,145458418,108,D,Major,0.67,0.55,0.67,0.6,0,0.8,0.05
The Real Slim Shady,Eminem,1,2000,1,1,1424589568,104,F,Minor,0.95,0.78,0.66,0.03,0,0.04,0.06
MERCHO,"Migrantes, LiL CaKe, Nico Valdi",3,2022,12,16,231332117,93,F#,Minor,0.84,0.96,0.79,0.43,0,0.18,0.11
The Color Violet,Tory Lanez,1,2021,12,10,415932686,105,F#,Minor,0.65,0.46,0.53,0.16,0,0.09,0.05
Glimpse of Us,Joji,1,2022,6,10,988515741,170,G#,Major,0.44,0.27,0.32,0.89,0,0.14,0.05
Mejor Que Yo,"Mambo Kingz, DJ Luian, Anuel Aa",3,2023,5,4,50847624,178,C#,Minor,0.62,0.56,0.66,0.18,0,0.12,0.05
Curtains,Ed Sheeran,1,2023,5,5,39893489,176,F#,Minor,0.5,0.44,0.76,0.1,0,0.32,0.05
UNFORGIVEN (feat. Nile Rodgers),"Nile Rodgers, LE SSERAFIM",2,2023,5,1,92035115,104,E,Minor,0.8,0.38,0.88,0.11,0,0.11,0.05
Haegeum,Agust D,1,2023,4,21,118810253,85,G,Major,0.7,0.83,0.84,0.31,0,0.47,0.3
ConexÔøΩÔøΩes de MÔøΩÔøΩfia (feat. Rich ,"Rich The Kid, MatuÔø",2,2023,4,30,77233241,117,F#,Minor,0.77,0.69,0.58,0.39,0,0.26,0.05
MIENTRAS ME CURO DEL CORA,Karol G,1,2023,2,24,206399629,80,,Major,0.52,0.57,0.48,0.86,0,0.15,0.39
Never Felt So Alone,Labrinth,1,2023,4,7,117747907,98,F,Major,0.44,0.36,0.41,0.5,0,0.38,0.05
X SI VOLVEMOS,"Karol G, Romeo Santos",2,2023,2,2,266624541,178,C#,Minor,0.79,0.58,0.78,0.34,0,0.11,0.25
ceilings,Lizzy McAlpine,1,2022,4,8,293186992,148,A,Major,0.51,0.27,0.33,0.48,0,0.22,0.03
Cupid,Fifty Fifty,1,2023,2,24,139681964,120,D,Major,0.77,0.94,0.66,0.65,0,0.38,0.03
I AM,IVE,1,2023,4,10,123132751,122,E,Minor,0.68,0.38,0.88,0.01,0,0.08,0.05
Cupid ÔøΩÔøΩÔøΩ Twin Ver. (FIFTY FIFTY) ÔøΩÔøΩÔøΩ Spe,sped up 8282,1,1997,1,1,103762518,144,F,Major,0.74,0.75,0.73,0.42,0,0.09,0.04
Shorty Party,"Cartel De Santa, La Kelly",2,2023,3,4,162887075,96,D,Major,0.93,0.47,0.47,0.33,0,0.1,0.36
Super,SEVENTEEN,1,2023,4,24,91221625,137,G#,Major,0.77,0.35,0.88,0.16,0,0.17,0.09
Slut Me Out,NLE Choppa,1,2022,4,22,190490915,121,F#,Minor,0.94,0.71,0.61,0.12,0,0.53,0.42
Double Fantasy (with Future),"The Weeknd, Future",2,2023,4,21,96180277,119,A,Minor,0.6,0.1,0.57,0.01,0,0.5,0.03
All Of The Girls You Loved Before,Taylor Swift,1,2019,8,23,185240616,96,D,Major,0.72,0.4,0.47,0.71,0,0.13,0.04
PROVENZA,Karol G,1,2022,4,21,885093467,111,C#,Major,0.87,0.53,0.52,0.66,0.01,0.11,0.05
Princess Diana (with Nicki Minaj),"Nicki Minaj, Ice Spice",2,2023,4,14,104992946,148,A,Major,0.9,0.74,0.68,0.14,0,0.1,0.19
Di Que Si,"Grupo Marca Registrada, Grupo Frontera",2,2023,2,3,147290338,182,A,Major,0.57,0.8,0.59,0.08,0,0.06,0.05
Shivers,Ed Sheeran,1,2021,9,9,1302184087,141,D,Major,0.79,0.82,0.86,0.28,0,0.04,0.09
Igualito a Mi ApÔø,"Fuerza Regida, Peso Pluma",2,2022,12,30,158950978,145,E,Minor,0.76,0.8,0.81,0.19,0,0.06,0.09
Shoong! (feat. LISA of BLACKPINK),"TAEYANG, Lisa",2,2023,4,25,76910644,110,B,Minor,0.76,0.26,0.7,0.01,0,0.41,0.06
Komang,Raim Laode,1,2022,8,16,137123880,134,G,Major,0.7,0.35,0.41,0.41,0,0.1,0.03
DESPECHÔø,ROSALÔøΩ,1,2022,7,28,782369383,130,G,Major,0.92,0.78,0.62,0.18,0,0.06,0.1
Made You Look,Meghan Trainor,1,2022,10,21,502574952,145,A#,Major,0.84,0.88,0.53,0.35,0,0.08,0.07
Watch This - ARIZONATEARS Pluggnb Remix,"sped up nightcore, ARIZONATEARS, Lil Uzi Vert",3,2023,2,5,207033255,130,B,Minor,0.69,0.36,0.9,0.01,0.1,0.15,0.04
No Se Va,Grupo Frontera,1,2022,4,28,404887295,173,,Major,0.59,0.69,0.53,0.12,0,0.23,0.03
Punto G,Quevedo,1,2022,11,4,381161027,92,B,Minor,0.75,0.55,0.76,0.25,0,0.1,0.15
Lovers Rock,TV Girl,1,2014,6,5,466231982,105,F,Minor,0.56,0.57,0.87,0,0.01,0.1,0.04
METAMORPHOSIS,INTERWORLD,1,2021,11,25,357580552,175,G,Minor,0.59,0.15,0.64,0.43,0.9,0.12,0.1
Mami Chula,"Quevedo, Jhayco",2,2023,4,27,61105704,120,G,Minor,0.8,0.33,0.7,0.22,0,0.09,0.04
En Paris,"El Chachito, Junior H",2,2022,12,24,198275403,139,D#,Minor,0.7,0.77,0.48,0.37,0,0.12,0.05
Set Me Free Pt.2,Jimin,1,2023,3,17,168448603,132,,Minor,0.59,0.56,0.82,0.12,0,0.12,0.06
I Was Never There,"The Weeknd, Gesaffelstein",2,2018,3,29,705469769,114,A#,Major,0.32,0.17,0.74,0.14,0,0.17,0.03
Don't ever say love me (feat. RM of BTS),"RM, Colde",2,2023,5,4,34502215,145,B,Minor,0.54,0.19,0.48,0.36,0,0.37,0.05
Shut Down,BLACKPINK,1,2022,9,16,482175240,110,,Major,0.82,0.67,0.69,0,0,0.18,0.04
Gato de Noche,"Nengo Flow, Bad Bunny",2,2022,12,22,304118600,94,G#,Major,0.89,0.61,0.66,0.17,0,0.36,0.16
Call Out My Name,The Weeknd,1,2018,3,29,1449799467,134,C#,Major,0.45,0.17,0.6,0.21,0,0.33,0.04
Like Crazy (English Version),Jimin,1,2023,3,24,173627354,120,G,Major,0.62,0.32,0.76,0,0,0.39,0.04
Rosa Pastel,"Jasiel NuÔøΩÔøΩez, Peso P",2,2023,2,2,90025258,123,G,Minor,0.7,0.86,0.68,0.24,0,0.11,0.04
Sunroof,"Nicky Youre, Dazy",2,2021,12,3,652704649,131,A#,Major,0.77,0.84,0.71,0.35,0,0.15,0.04
Lose Yourself - Soundtrack Version,Eminem,1,2002,1,1,1829992958,171,D,Major,0.7,0.06,0.73,0.01,0,0.36,0.26
Superman,"Eminem, Dina Rae",2,2002,5,26,655466831,130,E,Minor,0.8,0.64,0.76,0.02,0,0.2,0.06
Mas Rica Que Ayer,"Mambo Kingz, DJ Luian, Anuel Aa",3,2023,3,2,146409671,94,B,Major,0.82,0.53,0.67,0.34,0,0.09,0.08
People Pt.2 (feat. IU),"IU, Agust D",2,2023,4,7,95816024,89,G,Minor,0.73,0.44,0.57,0.39,0,0.32,0.06
REMIX EXCLUSIVO,Feid,1,2023,3,17,117206995,87,F,Minor,0.65,0.71,0.56,0.04,0,0.15,0.2
"ArcÔøΩÔøΩngel: Bzrp Music Sessions, Vol","Arcangel, Bizarrap",2,2023,3,22,100409613,124,B,Minor,0.72,0.79,0.78,0.55,0,0.15,0.3
DOGTOOTH,"Tyler, The Creator",2,2023,3,27,80758350,78,G#,Major,0.71,0.8,0.65,0.51,0,0.22,0.32
10:35,"TiÔøΩÔøΩsto, Tate M",2,2022,11,1,325592432,120,G#,Major,0.7,0.7,0.79,0.07,0,0.18,0.1
SORRY NOT SORRY,"Tyler, The Creator",2,2023,3,31,58473276,96,F#,Minor,0.48,0.5,0.8,0.4,0,0.37,0.2
HAPPY,NF,1,2023,3,25,52722996,106,G,Major,0.73,0.22,0.86,0.31,0,0.12,0.04
La Bebe,Yng Lvcas,1,2021,12,24,191945597,170,D,Minor,0.78,0.75,0.46,0.62,0,0.12,0.35
I Know - PR1SVX Edit,"Kanii, PR1ISVX",2,2023,3,24,77377503,134,B,Minor,0.67,0.11,0.76,0.08,0.47,0.3,0.07
Late Night Talking,Harry Styles,1,2022,5,20,743693613,115,A#,Major,0.71,0.9,0.73,0.3,0,0.11,0.05
LeÔøΩ,MarÔøΩÔøΩlia Mendo,1,2022,12,9,267789608,130,F#,Major,0.74,0.79,0.87,0.45,0,0.3,0.03
Save Your Tears (with Ariana Grande) (Remix),"Ariana Grande, The Weeknd",2,2020,3,20,1221813483,118,,Major,0.65,0.63,0.79,0.03,0,0.1,0.03
Something in the Orange,Zach Bryan,1,2022,4,22,449701773,110,G,Major,0.59,0.22,0.38,0.42,0,0.12,0.03
VOID,Melanie Martinez,1,2023,3,29,67070410,100,A,Major,0.72,0.42,0.66,0.18,0.04,0.19,0.04
Dijeron Que No La Iba Lograr,"Fuerza Regida, Chino Pacas",2,2023,3,14,116334601,142,G,Minor,0.7,0.76,0.79,0.26,0,0.11,0.07
Midnight Rain,Taylor Swift,1,2022,10,21,433356509,140,,Major,0.64,0.18,0.37,0.72,0,0.12,0.07
If We Ever Broke Up,Mae Stephens,1,2023,2,10,165584767,116,G,Major,0.9,0.96,0.73,0.62,0,0.09,0.04
You Proof,Morgan Wallen,1,2022,5,13,367814306,120,A,Major,0.73,0.64,0.85,0.25,0,0.61,0.03
LA INOCENTE,"Feid, Mora",2,2022,4,1,477033549,92,F,Minor,0.76,0.46,0.79,0.31,0,0.07,0.06
Malas Decisiones,Kenia OS,1,2022,10,26,156214700,110,G#,Minor,0.81,0.64,0.79,0.05,0,0.31,0.03
Murder In My Mind,Kordhell,1,2022,1,21,448843705,120,A#,Major,0.71,0.57,0.97,0.01,0,0.13,0.11
Gangsta's Paradise,"Coolio, L.V.",2,1995,7,11,1357608774,80,G#,Major,0.63,0.4,0.61,0.09,0,0.56,0.06
CAIRO,"Karol G, Ovy On The Drums",2,2022,11,13,294352144,115,F,Minor,0.95,0.43,0.69,0.47,0,0.09,0.31
I Love You So,The Walters,1,2014,11,28,972164968,76,A#,Major,0.58,0.46,0.67,0.65,0,0.13,0.04
Dark Red,Steve Lacy,1,2017,2,20,920045682,172,F#,Major,0.6,0.77,0.78,0.45,0,0.12,0.06
Say You Won't Let Go,James Arthur,1,2016,9,9,2420461338,99,A#,Major,0.4,0.45,0.56,0.69,0,0.09,0.05
The Hills,The Weeknd,1,2015,5,27,1947371785,136,,Minor,0.36,0.12,0.57,0.09,0,0.14,0.08
Heart To Heart,Mac DeMarco,1,2019,5,10,244658767,150,G#,Minor,0.9,0.64,0.14,0.67,0.35,0.11,0.1
Peaches (from The Super Mario Bros. Movie),Jack Black,1,2023,4,7,68216992,92,A#,Minor,0.71,0.41,0.31,0.79,0,0.1,0.05
Marisola - Remix,"Duki, NICKI NICOLE, Cris Mj, Standly, Stars Music Chile",5,2022,12,15,223582566,95,C#,Major,0.77,0.72,0.87,0.17,0,0.07,0.05
LOKERA,"Brray, Rauw Alejandro, Lyanno",3,2022,7,25,471819764,102,B,Minor,0.83,0.58,0.83,0.21,0,0.1,0.05
Low,SZA,1,2022,12,9,272377463,145,,Minor,0.7,0.34,0.55,0.43,0,0.16,0.06
Numb,Linkin Park,1,2003,3,24,1361425037,110,A,Major,0.5,0.24,0.86,0,0,0.64,0.04
Tormenta (feat. Bad Bunny),"Gorillaz, Bad Bunny",2,2023,2,24,149778242,95,,Major,0.64,0.3,0.77,0.46,0,0.38,0.06
on the street (with J. Cole),"j-hope, J. Cole",2,2023,3,3,116599790,94,B,Minor,0.68,0.81,0.82,0.53,0,0.09,0.13
One Thing At A Time,Morgan Wallen,1,2022,12,2,148469433,142,G,Major,0.61,0.92,0.91,0,0,0.26,0.03
Miss You,"Robin Schulz, Oliver Tree",2,2022,8,5,497225336,145,F#,Minor,0.59,0.2,0.74,0.01,0,0.15,0.05
AinÔøΩÔøΩÔøΩt Tha,Morgan Wallen,1,2023,3,3,88791109,121,F#,Minor,0.64,0.67,0.8,0,0,0.36,0.03
ThinkinÔøΩÔøΩÔøΩ B,Morgan Wallen,1,2023,3,3,125917280,140,D#,Minor,0.66,0.43,0.76,0.49,0,0.12,0.03
Private Landing (feat. Justin Bieber & Future),"Don Toliver, Future, Justin Bieber",3,2023,2,23,105062254,137,C#,Minor,0.84,0.44,0.67,0.08,0,0.11,0.06
Everything I Love,Morgan Wallen,1,2023,1,31,95623148,104,G#,Major,0.56,0.72,0.85,0,0,0.15,0.03
Heaven,Niall Horan,1,2023,2,17,144584800,92,F,Major,0.57,0.68,0.76,0.07,0,0.33,0.03
LET GO,Central Cee,1,2022,12,15,298063749,146,D,Minor,0.74,0.51,0.45,0.86,0,0.21,0.38
Sial,Mahalini,1,2023,1,23,166570053,120,D,Major,0.56,0.2,0.43,0.89,0,0.12,0.04
I Wrote The Book,Morgan Wallen,1,2023,1,31,83021468,144,D,Major,0.68,0.83,0.81,0.09,0,0.08,0.04
"Apna Bana Le (From ""Bhediya"")","Arijit Singh, Sachin-Jigar",2,2022,11,5,139836056,94,A,Major,0.59,0.44,0.56,0.8,0,0.06,0.03
SPIT IN MY FACE!,ThxSoMch,1,2022,10,31,303216294,94,G#,Major,0.73,0.65,0.79,0.05,0.02,0.11,0.06
PLAYA DEL INGLÔøΩ,"Myke Towers, Quevedo",2,2022,12,15,221409663,113,G,Minor,0.79,0.66,0.74,0.08,0,0.11,0.05
Man Made A Bar (feat. Eric Church),"Morgan Wallen, Eric Church",2,2023,3,3,58890931,148,E,Major,0.5,0.49,0.76,0.12,0,0.12,0.03
Red Ruby Da Sleeze,Nicki Minaj,1,2023,3,3,81419389,98,C#,Major,0.7,0.29,0.73,0.12,0,0.11,0.26
Kahani Suno 2.0,Kaifi Khalil,1,2022,5,31,156777415,140,B,Major,0.58,0.26,0.38,0.91,0,0.1,0.04
Nobody Gets Me,SZA,1,2022,12,9,284908316,100,G,Major,0.36,0.28,0.28,0.81,0,0.18,0.03
PERO TÔø,"Karol G, Quevedo",2,2023,2,23,93438910,140,F#,Major,0.86,0.68,0.79,0.39,0,0.11,0.29
Hype Boy,NewJeans,1,2022,8,1,363472647,100,E,Minor,0.59,0.78,0.94,0.27,0,0.29,0.23
Bloody Mary,Lady Gaga,1,2011,1,1,372476382,100,A,Minor,0.59,0.49,0.65,0.02,0,0.13,0.03
MonotonÔøΩ,"Ozuna, Shakira",2,2022,10,19,380726517,132,,Minor,0.87,0.82,0.7,0.42,0,0.21,0.05
˝˝˝98 Braves,Morgan Wallen,1,2023,3,3,56533272,142,D,Major,0.49,0.48,0.67,0.1,0,0.26,0.03
WANDA,Quevedo,1,2023,1,20,175399345,176,E,Minor,0.72,0.96,0.63,0.25,0,0.21,0.07
Thought You Should Know,Morgan Wallen,1,2022,5,6,203221468,140,F#,Major,0.53,0.51,0.7,0.49,0,0.14,0.03
In The End,Linkin Park,1,2000,10,24,1624165576,105,D#,Minor,0.55,0.4,0.9,0.01,0,0.32,0.06
Zona De Perigo,Leo Santana,1,2022,12,8,134294498,135,F,Major,0.81,0.97,0.77,0.75,0,0.35,0.03
Lovezinho,Treyce,1,2022,7,28,70069745,128,E,Minor,0.82,0.61,0.59,0.3,0,0.12,0.04
I Like You (A Happier Song) (with Doja Cat),"Post Malone, Doja Cat",2,2022,6,3,609293408,101,F,Major,0.74,0.43,0.69,0.12,0,0.12,0.07
Neverita,Bad Bunny,1,2022,5,6,671365962,122,A#,Major,0.88,0.43,0.5,0.07,0,0.14,0.05
Vista Al Mar,Quevedo,1,2022,9,8,362361576,105,,Minor,0.76,0.49,0.56,0.8,0.12,0.1,0.13
Sem AlianÔøΩÔøΩa no ,"MC Xenon, Os Gemeos da Putaria",2,2022,12,23,93587665,83,C#,Major,0.53,0.4,0.36,0.73,0,0.11,0.33
Enemy (with JID) - from the series Arcane League of Legends,"Imagine Dragons, League of Legends, JID, Arcane",4,2021,9,3,1223481149,77,B,Minor,0.72,0.59,0.76,0.24,0,0.42,0.28
Revenge,XXXTENTACION,1,2017,8,25,1022258230,140,B,Minor,0.75,0.18,0.25,0.78,0,0.11,0.26
Bombonzinho - Ao Vivo,"Israel & Rodolffo, Ana Castela",2,2022,11,3,263453310,158,C#,Major,0.65,0.72,0.95,0.31,0,0.92,0.05
LA CANCIÔøΩ,"J Balvin, Bad Bunny",2,2019,6,28,1435127549,176,G,Major,0.75,0.43,0.65,0.15,0,0.11,0.32
QuÔøΩÔøΩ Ago,"Yuridia, Angela Aguilar",2,2022,10,20,236857112,98,B,Major,0.73,0.88,0.57,0.56,0,0.05,0.02
Love Again,The Kid Laroi,1,2023,1,27,147538971,107,B,Minor,0.66,0.47,0.4,0.72,0,0.11,0.03
After Hours,The Weeknd,1,2020,2,19,698086140,109,F,Minor,0.66,0.16,0.57,0.1,0.01,0.12,0.03
About Damn Time,Lizzo,1,2022,7,15,723894473,109,A#,Minor,0.84,0.72,0.74,0.1,0,0.34,0.07
Born With A Beer In My Hand,Morgan Wallen,1,2023,3,3,34450974,148,,Major,0.53,0.61,0.81,0.05,0,0.36,0.04
˝˝˝˝˝˝˝˝˝˝˝˝˝˝˝˝˝˝˝˝˝,Fujii Kaze,1,2020,5,20,403097450,158,F#,Minor,0.6,0.52,0.76,0.17,0,0.19,0.05
Besos Moja2,"Wisin & Yandel, ROSALÔøΩ",2,2022,9,29,309483971,94,F,Minor,0.74,0.64,0.73,0.06,0,0.1,0.06
Maan Meri Jaan,King,1,2022,10,12,319566866,96,F#,Minor,0.7,0.4,0.51,0.35,0,0.1,0.04
Moscow Mule,Bad Bunny,1,2022,5,6,909001996,100,F,Minor,0.8,0.29,0.67,0.29,0,0.12,0.03
My Universe,"Coldplay, BTS",2,2021,9,24,1061966512,105,A,Major,0.58,0.42,0.68,0.01,0,0.14,0.04
Devil DonÔøΩÔøΩÔøΩ,Morgan Wallen,1,2023,3,3,32526947,125,,Major,0.53,0.32,0.66,0.38,0,0.09,0.03
LLYLM,ROSALÔøΩ,1,2023,1,27,124988687,170,F#,Minor,0.56,0.56,0.63,0.13,0,0.19,0.27
I'm Not Here To Make Friends,"Sam Smith, Calvin Harris, Jessie Reyez",3,2023,1,27,103787664,115,,Major,0.7,0.84,0.9,0.17,0,0.41,0.06
TRUSTFALL,P!nk,1,2023,1,27,134255790,122,G#,Major,0.64,0.25,0.89,0,0,0.15,0.09
ANTIFRAGILE,LE SSERAFIM,1,2022,10,17,301051721,105,A#,Minor,0.88,0.82,0.8,0.08,0,0.11,0.08
Boy's a liar,PinkPantheress,1,2022,11,30,156338624,133,F,Major,0.66,0.74,0.84,0.25,0,0.21,0.04
VIBE (feat. Jimin of BTS),"TAEYANG, Jimin",2,2023,1,13,152850295,100,,Major,0.79,0.6,0.68,0.07,0,0.26,0.04
Shirt,SZA,1,2022,10,28,309653982,120,D#,Minor,0.82,0.55,0.45,0.15,0.03,0.09,0.1
Lift Me Up - From Black Panther: Wakanda Forever - Music From and Inspired By,Rihanna,1,2022,10,28,297328960,177,A,Major,0.25,0.17,0.3,0.9,0,0.13,0.03
STAR WALKIN' (League of Legends Worlds Anthem),Lil Nas X,1,2022,9,22,332506354,142,D,Minor,0.64,0.31,0.72,0.15,0,0.09,0.05
"Sex, Drugs, Etc.",Beach Weather,1,2016,11,4,480507035,144,E,Minor,0.57,0.47,0.84,0.01,0.01,0.52,0.04
Boy With Luv (feat. Halsey),"Halsey, BTS",2,2019,4,12,1065580332,120,B,Minor,0.65,0.8,0.86,0.09,0,0.19,0.1
"Hey, Mickey!",Baby Tate,1,2016,9,27,122763672,135,D,Major,0.92,0.73,0.51,0.55,0,0.15,0.06
Calm Down,RÔøΩÔ,1,2022,2,9,445763624,107,B,Major,0.81,0.82,0.78,0.38,0,0.12,0.04
Jhoome Jo Pathaan,"Arijit Singh, Vishal Dadlani, Sukriti Kakar, Vishal-Shekhar, Shekhar Ravjiani, Kumaar",6,2022,12,22,1365184,105,G,Major,0.82,0.62,0.74,0.1,0,0.33,0.07
Escapism. - Sped Up,"RAYE, 070 Shake",2,2022,11,25,184308753,108,F#,Minor,0.44,0.38,0.77,0.09,0,0.09,0.2
Space Song,Beach House,1,2015,1,1,789753877,147,,Minor,0.51,0.62,0.79,0.22,0.13,0.14,0.03
Dreamers [Music from the FIFA World Cup Qatar 2022 Official Soundtrack],"BTS, Jung Kook, FIFA Sound",3,2022,11,20,323358833,115,,Major,0.71,0.34,0.88,0.16,0,0.44,0.04
Te Felicito,"Shakira, Rauw Alejandro",2,2022,4,21,606361689,174,F,Major,0.7,0.57,0.64,0.23,0,0.08,0.32
MuÔøΩÔøΩ,"Steve Aoki, Tini, La Joaqui",3,2023,1,12,120972253,90,A#,Minor,0.68,0.83,0.71,0.03,0,0.31,0.08
TV,Billie Eilish,1,2022,7,21,338564981,141,E,Minor,0.41,0.09,0.25,0.84,0.01,0.14,0.04
I'm Not The Only One,Sam Smith,1,2014,1,1,1606986953,82,F,Major,0.68,0.5,0.49,0.56,0,0.08,0.04
Heather,Conan Gray,1,2020,3,20,1301799902,92,F,Major,0.47,0.25,0.43,0.62,0,0.32,0.03
"Besharam Rang (From ""Pathaan"")","Vishal-Shekhar, Shilpa Rao, Caralisa Monteiro, Kumaar, Vishal Dadlani, Shekhar Ravjiani",6,2022,12,12,140187018,116,G#,Minor,0.77,0.65,0.8,0.06,0,0.15,0.04
One Kiss (with Dua Lipa),"Calvin Harris, Dua Lipa",2,2017,6,2,1897517891,124,A,Minor,0.79,0.59,0.86,0.04,0,0.08,0.11
Sugar Rush Ride,TOMORROW X TOGETHER,1,2023,1,27,107642809,125,A#,Minor,0.71,0.83,0.89,0.01,0,0.17,0.09
Pink Venom,BLACKPINK,1,2022,8,19,551305895,90,,Major,0.8,0.71,0.69,0.02,0,0.27,0.1
WAIT FOR U (feat. Drake & Tems),"Drake, Future, Tems",3,2022,4,27,556585270,83,C#,Major,0.46,0.34,0.64,0.31,0,0.07,0.34
Don't Start Now,Dua Lipa,1,2019,10,31,2303033973,124,B,Minor,0.79,0.68,0.79,0.01,0,0.1,0.08
After Dark,Mr.Kitty,1,2014,8,8,646886885,140,G#,Major,0.58,0.04,0.6,0.07,0.41,0.08,0.03
Eu Gosto Assim - Ao Vivo,"Gustavo Mioto, Mari Fernandez",2,2022,9,16,222612678,154,,Major,0.64,0.61,0.91,0.15,0,0.72,0.04
INDUSTRY BABY (feat. Jack Harlow),"Jack Harlow, Lil Nas X",2,2021,7,23,1814349763,150,D#,Minor,0.74,0.89,0.7,0.02,0,0.05,0.06
MIDDLE OF THE NIGHT,Elley DuhÔø,1,2020,1,10,872137015,186,E,Minor,0.41,0.09,0.61,0.02,0,0.12,0.05
Atlantis,Seafret,1,2015,4,22,571386359,166,G#,Minor,0.4,0.23,0.48,0.05,0,0.12,0.03
PUNTO 40,"Baby Rasta, Rauw Alejandro",2,2022,9,22,304079786,107,,Major,0.87,0.2,0.83,0,0.04,0.31,0.09
Evoque Prata,"DJ Escobar, MC MENOR SG, MC MENOR HR",3,2022,9,9,174006928,87,G,Major,0.87,0.52,0.52,0.31,0,0.28,0.24
How Do I Say Goodbye,Dean Lewis,1,2022,8,5,284785823,82,G#,Major,0.4,0.39,0.64,0.21,0,0.07,0.07
Blind,SZA,1,2022,12,9,163284000,114,A,Minor,0.46,0.6,0.28,0.91,0,0.21,0.04
Die For You,Joji,1,2022,11,4,246390068,148,G#,Major,0.47,0.15,0.52,0.38,0.13,0.29,0.05
Doja,Central Cee,1,2022,7,20,482257456,140,F#,Major,0.91,0.97,0.57,0.38,0,0.4,0.29
Gatita,Bellakath,1,2022,10,3,168684524,101,G,Major,0.9,0.76,0.81,0.15,0.24,0.33,0.06
Rumble,"Skrillex, Flowdan, Fred again..",3,2022,1,17,78489819,140,C#,Minor,0.81,0.06,0.84,0.05,0.23,0.06,0.06
Niagara Falls (Foot or 2) [with Travis Scott & 21 Savage],"Travis Scott, 21 Savage, Metro Boomin",3,2022,12,2,195516622,88,G,Minor,0.49,0.24,0.66,0.19,0,0.18,0.29
Yonaguni,Bad Bunny,1,2021,6,4,1260594497,180,C#,Major,0.64,0.44,0.65,0.28,0,0.14,0.12
Super Freaky Girl,Nicki Minaj,1,2022,8,12,428685680,133,D,Major,0.95,0.91,0.89,0.06,0,0.31,0.24
Running Up That Hill (A Deal With God),Kate Bush,1,1985,9,16,1024858327,108,A#,Minor,0.63,0.2,0.55,0.72,0,0.06,0.06
Dream On,Aerosmith,1,1973,1,5,838586769,80,F,Minor,0.39,0.24,0.43,0.39,0,0.23,0.03
Limbo,Freddie Dredd,1,2022,8,11,199386237,75,B,Minor,0.8,0.46,0.62,0.03,0.06,0.11,0.46
Where Are You Now,"Lost Frequencies, Calum Scott",2,2021,7,30,972509632,121,F#,Minor,0.67,0.26,0.64,0.52,0,0.17,0.1
WORTH NOTHING,"Twisted, Oliver Tree",2,2022,9,28,213438580,140,D,Minor,0.58,0.17,0.62,0.18,0,0.2,0.08
Bad Habits,Ed Sheeran,1,2020,9,3,1555511105,126,B,Minor,0.81,0.59,0.9,0.05,0,0.36,0.03
KICK BACK,Kenshi Yonezu,1,2022,10,12,210038833,102,C#,Major,0.58,0.29,0.94,0,0,0.09,0.11
Evergreen (You DidnÔøΩÔøΩÔøΩt Deserve Me A,Omar Apollo,1,2022,4,8,227918678,82,A,Major,0.7,0.31,0.34,0.6,0.01,0.11,0.04
Good Days,SZA,1,2020,12,24,826623384,121,C#,Minor,0.46,0.53,0.78,0.23,0,0.72,0.06
Levitating (feat. DaBaby),"Dua Lipa, DaBaby",2,2020,3,27,1802514301,103,F#,Minor,0.7,0.92,0.83,0.01,0,0.07,0.06
Woman,Doja Cat,1,2021,6,25,1329090101,108,F,Minor,0.82,0.88,0.76,0.09,0,0.12,0.09
Shut up My Moms Calling - (Sped Up),Hotel Ugly,1,2022,9,14,181831132,85,F,Minor,0.65,0.36,0.47,0.31,0,0.12,0.1
Ferrari,"James Hype, Miggy Dela Rosa",2,2022,3,14,462791599,125,C#,Minor,0.84,0.7,0.69,0.01,0,0.05,0.05
"You're On Your Own, Kid",Taylor Swift,1,2022,10,21,348647203,120,D,Major,0.69,0.4,0.39,0.41,0,0.13,0.06
"Kesariya (From ""Brahmastra"")","Pritam, Arijit Singh, Amitabh Bhattacharya",3,2022,7,17,366599607,94,,Major,0.58,0.44,0.57,0.57,0,0.1,0.03
Agudo MÔøΩÔøΩgi,"Styrx, utku INC, Thezth",3,1930,1,1,90598517,130,F#,Minor,0.65,0.49,0.8,0.22,0.04,0.07,0.05
Payphone,"Maroon 5, Wiz Khalifa",2,2012,1,1,1479264469,110,E,Major,0.74,0.51,0.74,0.02,0,0.29,0.04
All I Want for Christmas Is You,Mariah Carey,1,1994,10,28,1449779435,150,G,Major,0.34,0.33,0.63,0.16,0,0.07,0.04
Last Christmas,Wham!,1,1984,1,1,1159176109,107,B,Minor,0.74,0.88,0.65,0.28,0,0.46,0.03
Rockin' Around The Christmas Tree,Brenda Lee,1,1958,1,1,769213520,140,G#,Major,0.7,0.85,0.41,0.71,0,0.45,0.05
Jingle Bell Rock,Bobby Helms,1,1957,1,1,741301563,119,D,Major,0.74,0.78,0.37,0.84,0,0.06,0.03
It's Beginning To Look A Lot Like Christmas,Michael BublÔø,1,2011,10,14,807561936,93,E,Major,0.35,0.38,0.23,0.91,0,0.29,0.03
Santa Tell Me,Ariana Grande,1,2013,12,13,834129063,133,G,Major,0.46,0.53,0.63,0.05,0,0.3,0.18
It's the Most Wonderful Time of the Year,Andy Williams,1,1963,10,14,663832097,202,G,Major,0.24,0.76,0.6,0.77,0,0.12,0.04
Let It Snow! Let It Snow! Let It Snow!,Dean Martin,1,1959,11,16,446390129,134,C#,Major,0.45,0.72,0.24,0.91,0,0.18,0.04
Snowman,Sia,1,2017,1,1,690104769,105,C#,Major,0.72,0.33,0.51,0.48,0,0.09,0.03
Underneath the Tree,Kelly Clarkson,1,2013,10,25,485285717,160,G#,Major,0.51,0.69,0.81,0,0,0.21,0.05
Feliz Navidad,JosÔøΩÔøΩ Felic,1,1970,11,1,520034544,148,D,Major,0.5,0.96,0.82,0.47,0,0.34,0.04
Holly Jolly Christmas,Michael BublÔø,1,2011,10,14,476244795,151,G,Major,0.65,0.7,0.47,0.87,0,0.09,0.04
Mistletoe,Justin Bieber,1,2011,1,1,629173063,162,F#,Minor,0.67,0.88,0.54,0.51,0,0.09,0.04
Sleigh Ride,The Ronettes,1,1963,11,22,404664135,92,D,Major,0.53,0.84,0.77,0.4,0,0.32,0.03
Seek & Destroy,SZA,1,2022,12,9,98709329,152,C#,Major,0.65,0.35,0.65,0.44,0.18,0.21,0.07
Love Language,SZA,1,2022,12,9,110849052,65,A,Minor,0.71,0.55,0.26,0.85,0,0.13,0.08
Happy Xmas (War Is Over),"John Lennon, The Harlem Community Choir, The Plastic Ono Band, Yoko Ono",4,1971,12,1,460492795,147,D,Major,0.33,0.39,0.61,0.32,0,0.77,0.03
Used (feat. Don Toliver),"SZA, Don Toliver",2,2022,12,8,94005786,150,A#,Minor,0.73,0.71,0.69,0.53,0,0.32,0.09
A Holly Jolly Christmas - Single Version,Burl Ives,1,1952,1,1,395591396,140,,Major,0.67,0.81,0.36,0.64,0,0.15,0.03
The Christmas Song (Merry Christmas To You) - Remastered 1999,Nat King Cole,1,1946,11,1,389771964,139,C#,Major,0.36,0.22,0.15,0.84,0,0.11,0.04
Wonderful Christmastime - Edited Version / Remastered 2011,Paul McCartney,1,1979,11,16,403939487,95,B,Major,0.75,0.74,0.58,0.36,0,0.09,0.03
Do They Know It's Christmas? - 1984 Version,Band Aid,1,1984,11,25,481697415,115,,Major,0.6,0.23,0.57,0,0.02,0.27,0.03
Ghost in the Machine (feat. Phoebe Bridgers),"SZA, Phoebe Bridgers",2,2022,12,9,110073250,125,F#,Major,0.62,0.59,0.43,0.84,0.03,0.11,0.05
Special,SZA,1,2022,12,9,88092256,76,,Major,0.6,0.19,0.2,0.78,0,0.11,0.05
Merry Christmas Everyone,Shakin' Stevens,1,1984,1,1,351636786,101,C#,Minor,0.72,0.91,0.87,0.14,0,0.13,0.03
Let It Snow! Let It Snow! Let It Snow!,"Frank Sinatra, B. Swanson Quartet",2,1950,1,1,473248298,143,D,Major,0.6,0.86,0.32,0.88,0,0.34,0.06
SOS,SZA,1,2022,12,9,73981293,119,G,Minor,0.51,0.51,0.66,0.67,0,0.09,0.23
Open Arms (feat. Travis Scott),"SZA, Travis Scott",2,2022,12,8,155653938,78,A,Major,0.67,0.22,0.59,0.76,0.01,0.15,0.16
White Christmas,"Bing Crosby, John Scott Trotter & His Orchestra, Ken Darby Singers",3,1942,1,1,395591396,96,A,Major,0.23,0.19,0.25,0.91,0,0.4,0.03
Driving Home for Christmas - 2019 Remaster,Chris Rea,1,1986,1,1,429504768,180,A,Major,0.51,0.87,0.58,0.36,0,0.18,0.04
Christmas (Baby Please Come Home),Darlene Love,1,1963,11,22,242767149,126,D#,Major,0.34,0.35,0.76,0.39,0,0.08,0.05
Gone Girl,SZA,1,2022,12,9,65362788,150,F,Major,0.43,0.42,0.44,0.57,0,0.15,0.06
F2F,SZA,1,2022,12,9,67540165,90,D,Major,0.53,0.47,0.74,0.09,0,0.34,0.04
Notice Me,SZA,1,2022,12,9,62019074,160,F,Major,0.72,0.78,0.68,0.28,0,0.11,0.12
Merry Christmas,"Ed Sheeran, Elton John",2,2017,11,10,135723538,114,,Major,0.59,0.6,0.94,0.24,0,0.1,0.04
It's Beginning to Look a Lot Like Christmas (with Mitchell Ayres & His Orchestra),"Perry Como, The Fontane Sisters, Mitchell Ayres & His Orchestra",3,1958,1,1,295998468,113,G,Major,0.73,0.72,0.32,0.77,0,0.15,0.05
My Only Wish (This Year),Britney Spears,1,2000,11,7,261116938,147,,Major,0.67,0.69,0.72,0.17,0,0.19,0.03
Antidepresan,"Mabel Matiz, Mert Demir",2,2022,11,4,136689549,100,B,Minor,0.7,0.92,0.59,0.03,0,0.1,0.03
Wild Flower (with youjeen),RM,1,2022,12,2,135611421,155,G#,Major,0.49,0.42,0.77,0.03,0,0.12,0.09
I Hate U,SZA,1,2021,12,3,356709897,107,G,Minor,0.54,0.41,0.39,0.51,0,0.11,0.16
Raindrops (Insane) [with Travis Scott],"Travis Scott, Metro Boomin",2,2022,12,2,110649992,112,G#,Major,0.8,0.15,0.54,0.09,0,0.38,0.05
SPIT IN MY FACE!,ThxSoMch,1,2022,10,31,301869854,166,C#,Major,0.7,0.57,0.57,0.09,0.2,0.11,0.07
Deck The Hall - Remastered 1999,Nat King Cole,1,1959,1,1,127027715,107,F#,Minor,0.69,0.96,0.36,0.81,0,0.08,0.04
Smoking on my Ex Pack,SZA,1,2022,12,9,57144458,81,G#,Major,0.47,0.33,0.68,0.24,0,0.22,0.38
Conceited,SZA,1,2022,12,9,56870689,150,C#,Major,0.79,0.77,0.46,0.05,0,0.11,0.07
Snow On The Beach (feat. Lana Del Rey),"Taylor Swift, Lana Del Rey",2,2022,10,21,323437194,110,A,Major,0.66,0.19,0.32,0.69,0,0.12,0.04
Maroon,Taylor Swift,1,2022,10,21,317726339,108,G,Major,0.64,0.04,0.4,0.06,0,0.1,0.06
TubarÔøΩÔøΩo Te,"Dj LK da EscÔøΩÔøΩcia, Tchakabum, mc jhenny, M",4,2022,9,28,116144341,130,E,Minor,0.89,0.48,0.74,0.3,0,0.07,0.36
Bejeweled,Taylor Swift,1,2022,10,21,328207708,164,G,Major,0.7,0.39,0.56,0.06,0,0.09,0.07
Tarot,"Bad Bunny, Jhay Cortez",2,2022,5,6,608228647,114,B,Minor,0.8,0.42,0.68,0.02,0,0.66,0.04
You Make It Feel Like Christmas (feat. Blake Shelton),"Gwen Stefani, Blake Shelton",2,2005,9,20,180577478,93,F,Major,0.63,0.93,0.88,0.01,0,0.12,0.04
Desesperados,"Chencho Corleone, Rauw Alejandro",2,2021,6,25,809306935,90,C#,Minor,0.87,0.51,0.69,0.36,0,0.09,0.08
Too Late,SZA,1,2022,12,8,49262961,128,B,Major,0.45,0.35,0.68,0.78,0,0.39,0.08
Party,"Bad Bunny, Rauw Alejandro",2,2022,5,6,614555082,97,A,Major,0.83,0.47,0.8,0.02,0,0.24,0.09
Run Rudolph Run - Single Version,Chuck Berry,1,1958,1,1,245350949,152,G,Minor,0.69,0.94,0.71,0.79,0,0.07,0.08
Jingle Bells - Remastered 1999,Frank Sinatra,1,1957,1,1,178660459,175,G#,Major,0.51,0.94,0.34,0.73,0,0.1,0.05
Far,SZA,1,2022,12,9,51641685,116,D,Major,0.61,0.48,0.55,0.67,0,0.16,0.08
On Time (with John Legend),"John Legend, Metro Boomin",2,2022,12,2,78139948,80,F,Minor,0.33,0.51,0.59,0.76,0,0.44,0.06
GATÔøΩÔøΩ,"Maldy, Karol G",2,2022,8,25,322336177,93,B,Minor,0.63,0.34,0.86,0.26,0,0.21,0.39
˝˝˝abcdefu,Gayle,1,2021,8,13,1007612429,122,E,Major,0.7,0.42,0.54,0.3,0,0.37,0.05
Sacrifice,The Weeknd,1,2022,1,7,326792833,122,G,Major,0.7,0.91,0.79,0.03,0,0.07,0.1
Is There Someone Else?,The Weeknd,1,2022,1,7,391251368,135,A,Minor,0.7,0.6,0.58,0.04,0,0.16,0.03
Fingers Crossed,"Lauren Spencer Smith, Lauren Spencer Smith, Lauren Spencer Smith",3,2022,1,5,349585590,109,F,Major,0.6,0.45,0.47,0.62,0,0.31,0.05
Out of Time,The Weeknd,1,2022,1,7,339659802,93,,Minor,0.65,0.82,0.74,0.27,0,0.32,0.05
Do It To It,"Cherish, ACRAZE",2,2021,8,20,674772936,125,B,Minor,0.85,0.64,0.81,0.02,0.05,0.07,0.09
We Don't Talk About Bruno,"Adassa, Mauro Castillo, Stephanie Beatriz, Encanto - Cast, Rhenzy Feliz, Diane Guerrero, Carolina Gaitan",7,2021,11,19,432719968,206,,Minor,0.58,0.83,0.45,0.36,0,0.11,0.08
Pepas,Farruko,1,2021,6,24,1309887447,130,G,Major,0.76,0.44,0.77,0.01,0,0.13,0.03
How Do I Make You Love Me?,The Weeknd,1,2022,1,7,119238316,121,G,Minor,0.8,0.62,0.51,0.02,0,0.09,0.08
Gasoline,The Weeknd,1,2022,1,7,116903579,123,F#,Minor,0.74,0.35,0.73,0,0,0.21,0.05
Infinity,Jaymes Young,1,2017,6,23,888046992,122,B,Minor,0.67,0.5,0.67,0.15,0,0.3,0.04
Less Than Zero,The Weeknd,1,2022,1,7,200660871,143,,Major,0.53,0.5,0.79,0,0,0.08,0.03
Take My Breath,The Weeknd,1,2021,8,6,130655803,121,A#,Minor,0.7,0.35,0.77,0.01,0,0.26,0.04
good 4 u,Olivia Rodrigo,1,2021,5,14,1887039593,166,F#,Minor,0.56,0.68,0.66,0.28,0,0.11,0.18
"Here We GoÔøΩÔøΩÔøΩ Again (feat. Tyler, the Cr","The Weeknd, Tyler, The Creator",3,2022,1,7,88103848,135,C#,Major,0.41,0.27,0.64,0.36,0,0.6,0.03
Best Friends,The Weeknd,1,2022,1,7,101114984,87,E,Minor,0.49,0.49,0.59,0.44,0,0.35,0.21
Kiss Me More (feat. SZA),"SZA, Doja Cat",2,2021,4,9,1575467011,111,G#,Major,0.77,0.74,0.66,0.3,0,0.13,0.03
I Heard You're Married (feat. Lil Wayne),"The Weeknd, Lil Wayne",2,2022,1,7,91656026,110,D,Major,0.75,0.85,0.84,0.1,0,0.31,0.19
Need To Know,Doja Cat,1,2021,6,11,1042568408,130,C#,Major,0.66,0.19,0.61,0.3,0,0.09,0.07
MONTERO (Call Me By Your Name),Lil Nas X,1,2020,9,18,1735441776,179,G#,Minor,0.61,0.76,0.51,0.3,0,0.38,0.15
love nwantiti (ah ah ah),Ckay,1,2019,7,26,726837877,93,F,Minor,0.74,0.53,0.73,0.61,0,0.13,0.04
Dawn FM,The Weeknd,1,2022,1,7,53933526,78,A,Minor,0.27,0.1,0.49,0.62,0,0.49,0.05
Surface Pressure,Jessica Darrow,1,2021,11,19,267758538,180,D,Major,0.65,0.37,0.58,0.02,0,0.04,0.31
Starry Eyes,The Weeknd,1,2022,1,7,74601456,86,A,Minor,0.28,0.13,0.41,0.5,0,0.19,0.03
THATS WHAT I WANT,Lil Nas X,1,2021,9,17,920797189,88,C#,Minor,0.74,0.55,0.85,0.01,0,0.05,0.22
One Right Now (with The Weeknd),"The Weeknd, Post Malone",2,2021,11,5,539595276,97,C#,Major,0.68,0.72,0.78,0.04,0,0.07,0.05
Beggin,MÔøΩÔøΩne,1,2017,12,8,1367810478,134,B,Minor,0.71,0.59,0.8,0.13,0,0.36,0.05
Mon Amour - Remix,"Aitana, zzoilo",2,2020,9,21,578207856,116,D,Major,0.75,0.36,0.76,0.12,0,0.1,0.1
Lo Siento BB:/ (with Bad Bunny & Julieta Venegas),"Julieta Venegas, Bad Bunny, Tainy",3,2021,10,5,775542072,170,E,Minor,0.64,0.14,0.7,0.09,0,0.09,0.08
MONEY,Lisa,1,2021,9,10,863625566,140,C#,Minor,0.83,0.4,0.55,0.16,0,0.14,0.23
The Motto,"TiÔøΩÔøΩsto, Ava",2,2021,11,4,656013912,118,G,Minor,0.75,0.46,0.76,0.03,0,0.09,0.04
Happier Than Ever,Billie Eilish,1,2021,7,30,1056760045,65,,Major,0.31,0.31,0.24,0.76,0,0.14,0.04
Moth To A Flame (with The Weeknd),"The Weeknd, Swedish House Mafia",2,2021,10,22,611994237,120,,Minor,0.56,0.16,0.67,0,0,0.11,0.04
traitor,"Juan Cruz Toledo, Huilen Toledo",2,2021,5,21,1230855859,176,D#,Major,0.29,0.12,0.33,0.68,0,0.12,0.05
Toxic,BoyWithUke,1,2021,9,10,582981380,180,G#,Minor,0.59,0.69,0.61,0.84,0,0.46,0.36
drivers license,Olivia Rodrigo,1,2021,1,8,1858144199,144,A#,Major,0.59,0.21,0.43,0.76,0,0.1,0.07
MalvadÔøΩÔø,"XamÔøΩÔøΩ, Gustah, Neo B",3,2021,11,30,240684449,133,F#,Minor,0.82,0.52,0.61,0.38,0,0.14,0.27
All Too Well (10 Minute Version) (Taylor's Version) (From The Vault),Taylor Swift,1,2021,11,12,583687007,93,,Major,0.63,0.21,0.52,0.28,0,0.09,0.03
DonÔøΩÔøΩÔøΩt Break My,The Weeknd,1,2022,1,7,63803529,122,A#,Major,0.77,0.25,0.62,0.34,0,0.23,0.03
Oh My God,Adele,1,2021,11,19,466214729,88,C#,Major,0.53,0.55,0.73,0.09,0,0.03,0.05
Entre Nosotros (Remix) [con Nicki Nicole],"Lit Killah, Maria Becerra, Tiago pzk, NICKI NICOLE",4,2022,1,5,236940480,170,F,Minor,0.7,0.61,0.44,0.4,0,0.37,0.04
A Tale By Quincy,The Weeknd,1,2022,1,7,41924466,94,F,Minor,0.46,0.55,0.5,0.71,0,0.1,0.11
I AM WOMAN,Emmy Meli,1,2021,11,18,225259194,170,A#,Major,0.65,0.46,0.47,0.12,0,0.13,0.16
Medallo,"Justin Quiles, Lenny TavÔøΩÔøΩrez, BL",3,2021,10,27,393230256,90,E,Minor,0.79,0.79,0.7,0.57,0,0.66,0.08
It'll Be Okay,Shawn Mendes,1,2021,12,1,287201015,78,G,Major,0.4,0.07,0.29,0.62,0,0.09,0.03
Softcore,The Neighbourhood,1,2018,3,9,599770206,94,D,Major,0.57,0.36,0.58,0.05,0,0.15,0.03
Super Gremlin,Kodak Black,1,2021,10,30,342779426,73,D,Major,0.83,0.11,0.41,0,0,0.36,0.14
VolvÔø,"Aventura, Bad Bunny",2,2021,8,3,673801126,176,C#,Major,0.73,0.79,0.86,0.42,0,0.07,0.18
Todo De Ti,Rauw Alejandro,1,2020,11,2,1168642797,128,D#,Minor,0.81,0.57,0.63,0.4,0.01,0.1,0.04
Love Nwantiti - Remix,"Ckay, AX'EL, Dj Yo!",3,2019,8,30,540539717,120,G#,Major,0.58,0.44,0.6,0.44,0.09,0.05,0.06
Smokin Out The Window,"Bruno Mars, Anderson .Paak, Silk Sonic",3,2021,11,5,383550148,82,D,Major,0.63,0.85,0.62,0.06,0,0.35,0.04
Meet Me At Our Spot,"THE ANXIETY, Willow, Tyler Cole",3,2020,3,13,530511203,95,D,Major,0.77,0.4,0.47,0.02,0,0.09,0.03
Every Angel is Terrifying,The Weeknd,1,2022,1,7,37307967,118,,Major,0.44,0.52,0.94,0.11,0,0.04,0.29
Tacones Rojos,Sebastian Yatra,1,2021,10,22,510876816,123,B,Minor,0.75,0.93,0.86,0.08,0,0.14,0.03
Peaches (feat. Daniel Caesar & Giveon),"Justin Bieber, Daniel Caesar, Giveon",3,2021,3,19,1445941661,90,,Major,0.63,0.49,0.68,0.38,0,0.42,0.18
Dakiti,"Bad Bunny, Jhay Cortez",2,2020,10,30,1763363713,110,E,Minor,0.73,0.14,0.57,0.4,0,0.11,0.05
"Tiago PZK: Bzrp Music Sessions, Vol. 48","Bizarrap, Tiago pzk",2,2021,12,29,374191487,96,C#,Minor,0.66,0.76,0.82,0.47,0,0.1,0.32
LÔøΩÔøΩÔø,Stromae,1,2022,1,9,108809090,88,D,Minor,0.56,0.58,0.55,0.35,0,0.23,0.11
NostÔøΩÔøΩl,"Chris Brown, Rvssian, Rauw Alejandro",3,2021,9,8,436695353,98,A,Minor,0.73,0.6,0.85,0.17,0,0.24,0.05
Better Days (NEIKED x Mae Muller x Polo G),"NEIKED, Mae Muller, Polo G",3,2021,9,24,421040617,110,,Minor,0.72,0.67,0.68,0,0,0.14,0.04
Life Goes On,Oliver Tree,1,2020,7,17,501541661,80,,Major,0.7,0.57,0.49,0.19,0,0.12,0.08
Sad Girlz Luv Money Remix (feat. Kali Uchis),"Kali Uchis, Amaarae, Moliy",3,2021,9,16,354065229,110,C#,Minor,0.86,0.31,0.53,0.43,0,0.11,0.06
Butter,BTS,1,2021,5,21,1143647827,110,G#,Major,0.79,0.7,0.36,0,0,0.06,0.11
pushin P (feat. Young Thug),"Young Thug, Future, Gunna",3,2022,1,7,311395144,78,C#,Minor,0.77,0.49,0.42,0.01,0.01,0.13,0.19
You Right,"Doja Cat, The Weeknd",2,2021,6,24,672656250,129,G#,Major,0.83,0.44,0.62,0.02,0,0.08,0.06
deja vu,Olivia Rodrigo,1,2021,4,1,1256880657,181,A,Major,0.44,0.22,0.6,0.61,0,0.42,0.09
Dynamite,BTS,1,2020,8,21,1692897992,114,F#,Minor,0.75,0.74,0.77,0.01,0,0.09,0.1
TO THE MOON,Jnr Choi,1,2021,11,5,245095641,144,D,Major,0.74,0.39,0.65,0.05,0.01,0.11,0.35
Lost in the Fire,"The Weeknd, Gesaffelstein",2,2019,1,11,686734357,101,D,Major,0.66,0.18,0.68,0.09,0,0.12,0.04
Salimo de Noche,"Trueno, Tiago pzk",2,2021,10,21,261414174,84,D,Major,0.67,0.78,0.63,0.29,0,0.12,0.05
Volando - Remix,"Sech, Bad Bunny, Mora",3,2021,7,8,610045621,154,F#,Major,0.66,0.63,0.69,0.21,0,0.11,0.07
Leave The Door Open,"Bruno Mars, Anderson .Paak, Silk Sonic",3,2021,3,5,1115880852,148,F,Major,0.59,0.72,0.62,0.18,0,0.09,0.03
Knife Talk (with 21 Savage ft. Project Pat),"Drake, Project Pat, 21 Savage",3,2021,9,3,594482982,146,F,Minor,0.85,0.22,0.37,0.13,0,0.07,0.3
Don't Be Shy,"TiÔøΩÔøΩsto, Kar",2,2021,8,1,566954746,120,B,Minor,0.77,0.51,0.79,0.2,0,0.26,0.06
Love Grows (Where My Rosemary Goes),Edison Lighthouse,1,1970,1,1,BPM110KeyAModeMajorDanceability53Valence75Energy69Acousticness7Instrumentalness0Liveness17Speechiness3,110,A,Major,0.53,0.75,0.69,0.07,0,0.17,0.03
LA FAMA (with The Weeknd),"The Weeknd, ROSALÔøΩ",2,2021,11,11,374706940,136,,Minor,0.77,0.82,0.3,0.95,0,0.13,0.05
The Family Madrigal,"Olga Merediz, Stephanie Beatriz, Encanto - Cast",3,2021,11,19,184937148,141,C#,Major,0.59,0.56,0.63,0.12,0,0.06,0.36
Phantom Regret by Jim,The Weeknd,1,2022,1,7,31959571,108,A,Minor,0.46,0.23,0.48,0.75,0.3,0.14,0.04
Dos Oruguitas,Sebastian Yatra,1,2021,11,19,167076418,94,,Major,0.42,0.47,0.36,0.76,0,0.09,0.05
Freaks,Surf Curse,1,2015,5,10,824420218,180,A,Major,0.35,0.41,0.94,0,0.63,0.05,0.05
Acapulco,Jason Derulo,1,2021,9,1,363467642,122,A#,Major,0.77,0.51,0.79,0.05,0,0.16,0.05
Daddy Issues,The Neighbourhood,1,2015,10,30,1127468248,85,A#,Major,0.59,0.33,0.52,0.07,0.15,0.12,0.03
thought i was playing,"21 Savage, Gunna",2,2022,1,7,60680939,148,C#,Major,0.68,0.29,0.73,0,0,0.07,0.07
ELEVEN,IVE,1,2021,12,1,247737946,120,A,Major,0.83,0.59,0.73,0.06,0,0.05,0.11
Mood (feat. Iann Dior),"24kgoldn, Iann Dior",2,2020,7,24,1699402402,91,G,Minor,0.7,0.76,0.72,0.22,0,0.27,0.04
What Else Can I Do?,"Stephanie Beatriz, Diane Guerrero",2,2021,11,19,154797871,120,E,Major,0.72,0.54,0.71,0.26,0,0.1,0.04
DANCE CRIP,Trueno,1,2021,11,17,198883004,106,,Major,0.86,0.86,0.79,0.11,0,0.08,0.09
Miserable Man,David Kushner,1,2022,1,7,124407432,110,A#,Major,0.63,0.31,0.35,0.93,0,0.29,0.03
happier,Olivia Rodrigo,1,2021,5,21,850608354,169,F#,Major,0.39,0.36,0.45,0.81,0,0.08,0.13
Praise God,Kanye West,1,2021,8,29,376333030,118,C#,Major,0.8,0.21,0.55,0.01,0,0.26,0.17
Get Into It (Yuh),Doja Cat,1,2021,6,25,516784627,92,G#,Minor,0.91,0.79,0.66,0.32,0,0.09,0.16
Before You Go,Lewis Capaldi,1,2019,11,1,1608045237,112,D#,Major,0.45,0.19,0.6,0.63,0,0.09,0.06
Sky,Playboi Carti,1,2020,12,25,506778838,140,D,Major,0.79,0.56,0.91,0.26,0,0.13,0.21
Rolling in the Deep,Adele,1,2010,11,29,1472799873,105,G#,Major,0.73,0.52,0.76,0.13,0,0.05,0.03
Sobrio,Maluma,1,2021,7,8,513643924,178,F,Major,0.76,0.63,0.77,0.14,0,0.15,0.22
Peru,"Ed Sheeran, Fireboy DML",2,2021,12,23,261286503,108,G,Minor,0.96,0.71,0.42,0.57,0,0.08,0.09
favorite crime,Olivia Rodrigo,1,2021,5,21,783706581,173,A,Major,0.4,0.19,0.29,0.86,0,0.34,0.04
Thunder,"Prezioso, Gabry Ponte, LUM!X",3,2021,5,7,422691058,101,C#,Major,0.67,0.4,0.9,0.03,0,0.34,0.06
The Business,TiÔøΩÔø,1,2020,1,1,1062345656,120,G#,Minor,0.8,0.24,0.62,0.41,0.02,0.11,0.23
positions,Ariana Grande,1,2020,10,23,1252563873,144,,Major,0.73,0.66,0.8,0.44,0,0.09,0.12
I WANNA BE YOUR SLAVE,MÔøΩÔøΩne,1,2021,3,19,851070493,133,C#,Major,0.75,0.96,0.61,0,0,0.18,0.04
Vai LÔøΩÔøΩ Em Casa ,"MarÔøΩÔøΩlia MendonÔøΩÔøΩa, George Henrique &",2,2021,10,22,263894529,158,G#,Minor,0.46,0.62,0.83,0.53,0,0.97,0.28
The Feels,TWICE,1,2021,10,1,345903614,120,A,Major,0.81,0.92,0.9,0.09,0,0.08,0.07
HEARTBREAK ANNIVERSARY,Giveon,1,2020,2,21,951637566,129,,Major,0.61,0.59,0.46,0.56,0,0.13,0.05
No Lie,"Sean Paul, Dua Lipa",2,2016,11,18,956865266,102,G,Major,0.74,0.45,0.89,0.05,0,0.26,0.13
OUT OUT (feat. Charli XCX & Saweetie),"Charli XCX, Jax Jones, Joel Corry, Saweetie",4,2021,8,13,427486004,124,G#,Minor,0.79,0.79,0.84,0.02,0,0.05,0.05
Pope Is a Rockstar,SALES,1,2016,4,20,156658366,90,E,Minor,0.73,0.31,0.45,0.85,0.24,0.11,0.03
2055,Sleepy hallow,1,2021,4,14,624515457,161,F#,Minor,0.78,0.65,0.52,0.46,0,0.12,0.31
Bored,Billie Eilish,1,2017,3,30,777765388,120,G,Major,0.6,0.11,0.33,0.9,0,0.08,0.05
Happier Than Ever - Edit,Billie Eilish,1,2021,7,28,412795151,81,,Major,0.45,0.12,0.57,0.07,0,0.23,0.03
Astronaut In The Ocean,Masked Wolf,1,2019,1,1,1138474110,150,E,Minor,0.78,0.47,0.7,0.18,0,0.15,0.09
Ley Seca,"Anuel Aa, Jhay Cortez",2,2021,9,2,355219175,105,G#,Major,0.76,0.58,0.84,0.1,0,0.13,0.1
Every Summertime,NIKI,1,2021,8,10,290228626,79,F#,Major,0.63,0.76,0.67,0.38,0,0.06,0.04
Talking To The Moon,Bruno Mars,1,2010,10,4,1062956628,146,C#,Minor,0.52,0.07,0.61,0.51,0,0.11,0.03
you broke me first,Tate McRae,1,2020,4,17,1180094974,124,E,Major,0.64,0.08,0.37,0.79,0,0.09,0.05
The Nights,Avicii,1,2014,1,1,1456081449,126,F#,Major,0.53,0.66,0.85,0.02,0,0.24,0.04
Take My Breath,The Weeknd,1,2021,8,6,432702334,121,G#,Major,0.75,0.53,0.74,0.02,0,0.11,0.05
Way 2 Sexy (with Future & Young Thug),"Drake, Future, Young Thug",3,2021,9,3,489945871,136,B,Minor,0.8,0.33,0.6,0,0,0.32,0.14
CÔøΩÔøΩ,Rauw Alejandro,1,2021,6,25,465959382,102,A,Minor,0.77,0.26,0.63,0.58,0,0.11,0.05
Enemy - from the series Arcane League of Legends,"Imagine Dragons, League of Legends, Arcane",3,2021,10,27,1223481149,77,G,Major,0.73,0.54,0.74,0.23,0,0.41,0.23
Dance Monkey,Tones and I,1,2019,5,10,2864791672,98,F#,Minor,0.82,0.54,0.59,0.69,0,0.18,0.1
Lucid Dreams,Juice WRLD,1,2017,6,15,2288695111,84,B,Minor,0.44,0.22,0.48,0.38,0,0.33,0.24
QuÔøΩÔøΩ MÔøΩÔø,"J Balvin, Maria Becerra",2,2021,1,28,720825549,102,G#,Major,0.89,0.77,0.82,0.03,0,0.17,0.11
All of Me,John Legend,1,2013,8,1,2086124197,120,G#,Major,0.42,0.33,0.26,0.92,0,0.13,0.03
Smells Like Teen Spirit - Remastered 2021,Nirvana,1,1991,9,10,1690192927,117,C#,Major,0.52,0.73,0.91,0,0,0.11,0.07
Arcade,Duncan Laurence,1,2019,3,7,991336132,72,A,Minor,0.45,0.27,0.33,0.82,0,0.14,0.04
Fair Trade (with Travis Scott),"Drake, Travis Scott",2,2021,9,3,593917618,168,C#,Major,0.67,0.29,0.47,0.05,0,0.22,0.26
Bar,"Tini, L-Gante",2,2021,11,11,200972675,94,C#,Major,0.52,0.68,0.69,0.13,0,0.33,0.08
The Rumbling (TV Size),SiM,1,2022,1,10,71014967,145,G#,Major,0.41,0.65,0.88,0,0,0.26,0.05
family ties (with Kendrick Lamar),"Kendrick Lamar, Baby Keem",2,2021,8,27,560222750,134,C#,Major,0.71,0.14,0.61,0.01,0,0.23,0.33
Mr. Brightside,The Killers,1,2003,9,23,1806617704,148,C#,Major,0.35,0.24,0.93,0,0,0.1,0.08
Blessed-Cursed,ENHYPEN,1,2022,1,10,77337771,127,E,Minor,0.6,0.4,0.89,0.09,0,0.6,0.06
AM Remix,"J Balvin, Nio Garcia, Bad Bunny",3,2021,6,24,528544703,172,F#,Minor,0.74,0.79,0.66,0.11,0,0.08,0.16
Streets,Doja Cat,1,2019,11,7,865640097,90,B,Major,0.75,0.19,0.46,0.21,0.04,0.34,0.08
Shallow,"Lady Gaga, Bradley Cooper",2,2018,9,27,2159346687,96,G,Major,0.57,0.3,0.4,0.38,0,0.26,0.03
Polaroid Love,ENHYPEN,1,2022,1,10,211372494,138,G,Minor,0.74,0.65,0.67,0.46,0,0.36,0.04
Leave Before You Love Me (with Jonas Brothers),"Marshmello, Jonas Brothers",2,2021,4,28,651732901,120,G,Major,0.72,0.67,0.72,0,0,0.13,0.04
Permission to Dance,BTS,1,2021,7,9,608334048,125,A,Major,0.7,0.65,0.74,0.01,0,0.34,0.04
Friday (feat. Mufasa & Hypeman) - Dopamine Re-Edit,"Riton, Nightcrawlers, Mufasa & Hypeman, Dopamine",4,2021,1,15,863756573,123,D,Major,0.82,0.8,0.86,0.01,0,0.3,0.13
RAPSTAR,Polo G,1,2021,4,9,797402345,81,F#,Major,0.79,0.44,0.54,0.41,0,0.13,0.24
'Till I Collapse,"Eminem, Nate Dogg",2,2002,5,26,1695712020,171,C#,Major,0.55,0.1,0.85,0.07,0,0.08,0.2
Memories,Maroon 5,1,2019,9,20,1759567999,91,B,Major,0.77,0.6,0.32,0.84,0,0.08,0.05
Se Le Ve,"Arcangel, De La Ghetto, Justin Quiles, Lenny TavÔøΩÔøΩrez, Sech, Dalex, Dimelo Flow, Rich Music",8,2021,8,12,223319934,84,G,Minor,0.56,0.61,0.76,0.1,0,0.14,0.11
25k jacket (feat. Lil Baby),"Gunna, Lil Baby",2,2022,1,7,54937991,115,F,Minor,0.9,0.74,0.54,0.16,0,0.13,0.28
When IÔøΩÔøΩÔøΩm Gone (with Katy ,"Katy Perry, Alesso",2,2021,12,29,226897599,125,,Major,0.69,0.7,0.89,0.04,0,0.49,0.03
EsqueÔøΩÔøΩa-Me Se For C,"MarÔøΩÔøΩlia MendonÔøΩÔøΩa, Maiara &",2,2021,10,14,258316038,122,F#,Minor,0.8,0.62,0.69,0.28,0,0.13,0.07
MiÔøΩÔøΩn,"Tini, Maria Becerra",2,2021,4,29,596152090,92,D,Major,0.85,0.92,0.54,0.16,0,0.29,0.07
SÔøΩÔøΩ,"Anuel Aa, Myke Towers, Jhay Cortez",3,2021,11,18,177129919,90,F#,Minor,0.63,0.75,0.75,0.17,0,0.11,0.08
MAMIII,"Karol G, Becky G",2,2022,2,10,716591492,94,E,Minor,0.84,0.9,0.7,0.09,0,0.14,0.08
Still D.R.E.,"Dr. Dre, Snoop Dogg",2,1999,1,1,1210599487,93,B,Major,0.81,0.53,0.78,0.18,0,0.06,0.24
Stay Alive (Prod. SUGA of BTS),Jung Kook,1,2022,2,11,246376690,130,D,Minor,0.51,0.5,0.76,0.3,0,0.1,0.07
Boyfriend,Dove Cameron,1,2022,2,11,496311364,180,G,Minor,0.35,0.23,0.61,0.23,0,0.19,0.06
The Joker And The Queen (feat. Taylor Swift),"Ed Sheeran, Taylor Swift",2,2022,2,11,146789379,134,,Major,0.53,0.31,0.31,0.92,0,0.28,0.03
The Next Episode,"Dr. Dre, Snoop Dogg",2,1999,1,1,843309044,95,D#,Minor,0.92,0.31,0.89,0.03,0,0.08,0.25
Light Switch,Charlie Puth,1,2022,1,19,500340342,184,F#,Major,0.69,0.91,0.63,0.11,0,0.09,0.31
City of Gods,"Kanye West, Alicia Keys, Fivio Foreign",3,2022,2,11,107255472,147,G#,Minor,0.47,0.5,0.8,0.1,0,0.32,0.38
Brividi,"Mahmood, Blanco",2,2022,2,2,135079152,123,G,Major,0.52,0.44,0.6,0.4,0,0.26,0.03
Lost,Frank Ocean,1,2012,1,1,822239726,123,A#,Minor,0.91,0.49,0.61,0.03,0,0.17,0.22
In Da Club,50 Cent,1,2002,1,1,1202722675,90,F#,Minor,0.9,0.79,0.71,0.26,0,0.07,0.37
she's all i wanna be,Tate McRae,1,2022,2,4,343197054,160,D,Minor,0.61,0.65,0.64,0.01,0,0.12,0.04
Ginseng Strip 2002,Yung Lean,1,2013,8,16,240769997,115,C#,Major,0.6,0.37,0.71,0.08,0,0.48,0.04
All For Us - from the HBO Original Series Euphoria,"Labrinth, Zendaya",2,2019,8,4,426204830,141,D#,Major,0.37,0.17,0.67,0.02,0,0.34,0.09
Notion,The Rare Occasions,1,2016,8,5,421135627,160,A,Major,0.31,0.3,0.88,0.07,0,0.08,0.08
Formula,Labrinth,1,2019,10,4,554875730,145,B,Major,0.57,0.23,0.66,0.04,0.06,0.15,0.04
Mount Everest,Labrinth,1,2019,6,21,467727006,89,,Minor,0.46,0.43,0.43,0.23,0.08,0.08,0.22
Excuses,"Intense, AP Dhillon, Gurinder Gill",3,2020,7,24,327498031,95,F,Minor,0.84,0.49,0.72,0.08,0,0.15,0.08
Cigarettes,Juice WRLD,1,2021,12,10,185408548,160,D,Major,0.6,0.47,0.62,0.03,0,0.38,0.04
"CayÔøΩÔøΩ La Noche (feat. Cruz CafunÔøΩÔøΩ, Abhir Hathi, Bejo, EL IMA)","Quevedo, La Pantera, Juseph, Cruz CafunÔøΩÔøΩ, BÔøΩÔøΩjo, Abhir Hathi",7,2022,1,14,245400167,174,F,Minor,0.67,0.74,0.75,0.44,0,0.07,0.3
California Love - Original Version (Explicit),"Dr. Dre, 2Pac, Roger",3,1995,12,28,579395142,92,G,Major,0.77,0.76,0.84,0.03,0,0.38,0.04
Forgot About Dre,"Eminem, Dr. Dre",2,1999,1,1,675039469,134,G#,Major,0.93,0.61,0.74,0.09,0,0.17,0.08
Down Under (feat. Colin Hay),"Luude, Colin Hay",2,2021,11,19,252871192,172,B,Minor,0.31,0.04,0.86,0.01,0,0.28,0.17
Mujeriego,Ryan Castro,1,2021,12,17,231996128,80,A,Major,0.76,0.92,0.62,0.06,0,0.08,0.13
HUMBLE.,Kendrick Lamar,1,2017,3,30,1929770265,150,C#,Minor,0.91,0.42,0.6,0,0,0.09,0.12
Stan,"Eminem, Dido",2,1999,11,21,918915401,80,F#,Minor,0.78,0.53,0.74,0.04,0,0.45,0.21
Contection,"GODZZ__-, Zakaria",2,2020,1,16,1180896317,166,A#,Minor,0.81,0.83,0.75,0.14,0,0.29,0.34
Swim,Chase Atlantic,1,2017,10,4,498960285,120,G#,Major,0.67,0.08,0.54,0.27,0,0.08,0.04
A Tu Merced,Bad Bunny,1,2020,2,29,685071800,92,,Major,0.86,0.89,0.79,0.17,0,0.11,0.06
Numb Little Bug,Em Beihold,1,2022,1,28,258714692,85,G#,Minor,0.74,0.61,0.52,0.3,0,0.26,0.09
212,"Mainstreet, Chefin",2,2022,1,15,143139338,154,D,Minor,0.79,0.86,0.52,0.66,0,0.09,0.07
ProblemÔøΩ,"Alvaro Diaz, Rauw Alejandro",2,2021,10,22,209768491,92,D,Minor,0.73,0.37,0.74,0.28,0,0.14,0.06
Bussin,"Nicki Minaj, Lil Baby",2,2022,2,11,64714573,140,B,Major,0.89,0.75,0.7,0.06,0,0.13,0.05
Worst Day,Future,1,2022,2,11,50746620,89,C#,Major,0.65,0.6,0.6,0.11,0,0.1,0.4
Malvada,ZÔøΩÔøΩ Fe,1,2022,1,28,154119539,135,F,Minor,0.89,0.89,0.86,0.16,0,0.08,0.05
Hrs and Hrs,Muni Long,1,2021,11,19,181328253,140,G#,Minor,0.51,0.66,0.53,0.6,0,0.11,0.18
Alien Blues,Vundabar,1,2015,7,24,370068639,82,D#,Major,0.47,0.44,0.76,0.08,0.91,0.09,0.03
Thinking Out Loud,Ed Sheeran,1,2014,1,1,2280566092,79,D,Major,0.78,0.58,0.45,0.47,0,0.18,0.03
Still Don't Know My Name,Labrinth,1,2019,10,4,563902868,88,F,Major,0.31,0.31,0.63,0.47,0.27,0.21,0.12
Christmas Tree,V,1,2021,12,24,317622165,139,F,Major,0.44,0.18,0.38,0.7,0,0.12,0.04
Mal Feito - Ao Vivo,"MarÔøΩÔøΩlia MendonÔøΩÔøΩa, Hugo & G",2,2022,1,14,291709698,124,,Minor,0.73,0.68,0.83,0.55,0,0.9,0.07
When I R.I.P.,Labrinth,1,2019,10,4,203680270,80,G#,Minor,0.39,0.45,0.55,0.73,0,0.09,0.21
Do We Have A Problem?,"Nicki Minaj, Lil Baby",2,2022,2,4,81350745,120,C#,Minor,0.84,0.54,0.51,0.47,0,0.12,0.4
Forever,Labrinth,1,2019,10,4,282883169,80,E,Minor,0.56,0.19,0.46,0.92,0.72,0.11,0.03
Gospel (with Eminem),"Eminem, Dr. Dre",2,2022,2,4,64787943,117,C#,Major,0.92,0.62,0.86,0.11,0,0.24,0.24
SeÔøΩÔøΩo,"Shawn Mendes, Camila Cabello",2,2019,6,19,2484812918,117,A,Minor,0.76,0.77,0.52,0.04,0,0.08,0.03
NEW MAGIC WAND,"Tyler, The Creator",2,2019,5,16,461437791,140,F,Minor,0.62,0.46,0.73,0.1,0,0.67,0.11
Adore You,Harry Styles,1,2019,12,6,1439191367,99,G#,Major,0.68,0.57,0.77,0.02,0,0.1,0.05
La Santa,"Daddy Yankee, Bad Bunny",2,2020,2,29,759208783,93,C#,Major,0.74,0.59,0.87,0.03,0,0.08,0.05
Something In The Way - Remastered 2021,Nirvana,1,1991,9,24,368646862,106,G#,Major,0.44,0.08,0.2,0.74,0.42,0.11,0.03
Sweetest Pie,"Dua Lipa, Megan Thee Stallion",2,2022,3,11,299634472,124,G,Major,0.81,0.68,0.63,0.17,0,0.1,0.22
Bam Bam (feat. Ed Sheeran),"Camila Cabello, Ed Sheeran",2,2022,3,4,756907987,95,G#,Major,0.76,0.96,0.7,0.18,0,0.33,0.04
Una Noche en MedellÔøΩ,Cris Mj,1,2022,1,21,682475162,96,A#,Minor,0.87,0.82,0.53,0.1,0,0.05,0.08
Envolver,Anitta,1,2021,11,11,546191065,92,E,Minor,0.81,0.4,0.73,0.15,0,0.09,0.08
Starlight,Dave,1,2022,3,3,229473310,124,G,Major,0.95,0.36,0.37,0.35,0,0.1,0.28
Hati-Hati di Jalan,Tulus,1,2022,3,3,202677468,72,F#,Major,0.64,0.76,0.44,0.7,0.09,0.12,0.04
"I'm Tired - From ""Euphoria"" An Original HBO Series",Labrinth,1,2022,2,4,121913181,71,,Minor,0.28,0.26,0.2,0.19,0,0.3,0.03
DANÔøΩÔøΩA,"Mc Pedrinho, Pedro Sampaio",2,2022,2,1,208166039,135,A,Minor,0.78,0.55,0.57,0.04,0,0.1,0.08
Yo Voy (feat. Daddy Yankee),Zion & Lennox,1,2004,5,4,527033089,95,A#,Major,0.81,0.56,0.7,0.04,0,0.05,0.24
"Residente: Bzrp Music Sessions, Vol. 49","Residente, Bizarrap",2,2022,3,3,94616487,71,C#,Minor,0.59,0.7,0.74,0.56,0,0.11,0.4
Jordan,Ryan Castro,1,2021,4,30,394030335,180,A#,Minor,0.8,0.71,0.68,0.06,0,0.1,0.37
Nail Tech,Jack Harlow,1,2022,2,18,193443895,150,E,Minor,0.65,0.11,0.58,0,0,0.12,0.09
Chale,Eden MuÔøΩÔ,1,2022,2,18,299648208,189,G#,Major,0.55,0.86,0.44,0.4,0,0.07,0.04
DARARI,Treasure,1,2022,2,15,182978249,85,,Major,0.72,0.55,0.64,0.49,0,0.07,0.04
Ya No Somos Ni Seremos,Christian Nodal,1,2022,2,18,319757142,140,G,Major,0.59,0.73,0.45,0.44,0,0.34,0.03
Thinking with My Dick,"Kevin Gates, Juicy J",2,2013,7,16,109091573,81,,Major,0.77,0.68,0.7,0.06,0,0.17,0.2
Freaky Deaky,"Tyga, Doja Cat",2,2022,2,25,153240879,104,D,Minor,0.8,0.24,0.65,0.02,0,0.09,0.04
this is what falling in love feels like,JVKE,1,2021,9,3,346127840,129,B,Major,0.42,0.33,0.44,0.62,0,0.08,0.06
La Zona,Bad Bunny,1,2020,2,29,312622938,94,C#,Minor,0.76,0.81,0.8,0.2,0,0.25,0.04
Bohemian Rhapsody - Remastered 2011,Queen,1,1975,10,31,2197010679,71,,Minor,0.41,0.23,0.4,0.27,0,0.3,0.05
Hope,XXXTENTACION,1,2018,3,16,1200808494,146,A,Minor,0.59,0.23,0.46,0.66,0,0.15,0.06
Levitating,Dua Lipa,1,2020,3,27,797196073,103,F#,Minor,0.69,0.9,0.88,0.05,0,0.29,0.08
Wake Me Up - Radio Edit,Avicii,1,2013,1,1,1970673297,124,D,Major,0.53,0.66,0.78,0,0,0.16,0.05
"jealousy, jealousy",Olivia Rodrigo,1,2021,5,21,665765558,164,A#,Minor,0.7,0.71,0.58,0.24,0,0.07,0.13
MonÔøΩÔøΩy so,YEAT,1,2021,9,10,263779030,138,D,Major,0.69,0.35,0.57,0.12,0,0.1,0.09
Demasiadas Mujeres,C. Tangana,1,2020,10,8,339473453,126,A,Minor,0.67,0.37,0.46,0.13,0,0.1,0.39
Something Just Like This,"The Chainsmokers, Coldplay",2,2017,2,22,2204080728,103,B,Minor,0.61,0.47,0.65,0.03,0,0.17,0.04
Closer,"The Chainsmokers, Halsey",2,2016,5,31,2591224264,95,G#,Major,0.75,0.64,0.52,0.41,0,0.11,0.03
O.O,NMIXX,1,2022,2,22,135444283,200,B,Minor,0.39,0.28,0.77,0.04,0,0.06,0.29
Somebody That I Used To Know,"Gotye, Kimbra",2,2011,1,1,1457139296,129,,Major,0.86,0.75,0.52,0.54,0,0.1,0.04
Tom's Diner,"AnnenMayKantereit, Giant Rooks",2,2019,6,28,236872197,98,F#,Minor,0.68,0.33,0.43,0.38,0,0.36,0.14
First Class,Jack Harlow,1,2022,4,8,694525298,107,G#,Major,0.91,0.32,0.56,0.03,0,0.11,0.1
Plan A,Paulo Londra,1,2022,3,23,240661097,174,,Major,0.58,0.56,0.83,0.05,0,0.07,0.04
Fuera del mercado,Danny Ocean,1,2022,2,17,421365166,92,G#,Major,0.45,0.27,0.67,0.32,0,0.13,0.14
X ÔøΩÔøΩLTIMA,"Daddy Yankee, Bad Bunny",2,2022,3,25,349746291,90,G,Major,0.81,0.59,0.83,0.09,0,0.11,0.05
When You're Gone,Shawn Mendes,1,2022,3,31,255120451,147,F,Major,0.6,0.58,0.69,0.02,0,0.58,0.04
In My Head,Lil Tjay,1,2022,4,1,190981339,143,C#,Major,0.68,0.41,0.55,0.16,0,0.1,0.12
Wait a Minute!,Willow,1,2015,1,11,924193303,101,D#,Minor,0.76,0.63,0.71,0.03,0,0.1,0.03
LOVE DIVE,IVE,1,2022,4,5,305771063,118,C#,Minor,0.7,0.54,0.71,0,0,0.33,0.04
Pantysito,"Feid, Alejo, Robi",3,2022,3,18,273005485,98,G,Minor,0.83,0.63,0.74,0.14,0,0.16,0.06
Chance,Paulo Londra,1,2022,4,6,89566512,138,C#,Minor,0.72,0.22,0.46,0.24,0,0.09,0.06
Cool for the Summer,Demi Lovato,1,2015,1,1,677389855,114,F,Minor,0.59,0.3,0.62,0.01,0,0.08,0.04
psychofreak (feat. WILLOW),"Camila Cabello, Willow",2,2022,4,7,75476209,180,G,Minor,0.63,0.45,0.64,0.34,0,0.09,0.08
Angel Baby,Troye Sivan,1,2021,9,9,408843328,145,B,Major,0.56,0.41,0.57,0.01,0,0.13,0.03
Vampiro,"MatuÔøΩÔøΩ, Wiu, ",3,2022,1,30,187772591,115,G#,Minor,0.78,0.63,0.64,0.01,0,0.07,0.04
Si Quieren Frontear,"De La Ghetto, Duki, Quevedo",3,2022,3,31,178512385,82,A#,Major,0.79,0.48,0.84,0.13,0,0.21,0.23
Right On,Lil Baby,1,2022,4,8,101780047,166,D,Major,0.7,0.22,0.61,0.02,0,0.1,0.34
Me ArrepentÔø,"Ak4:20, Cris Mj, Pailita",3,2022,3,30,118381354,92,,Major,0.86,0.91,0.79,0.29,0,0.6,0.16
That's Hilarious,Charlie Puth,1,2022,4,8,146363130,108,F#,Major,0.71,0.55,0.44,0.74,0,0.11,0.06
Soy El Unico,Yahritza Y Su Esencia,1,2022,3,25,126443991,84,E,Minor,0.71,0.63,0.45,0.45,0,0.11,0.03
RUMBATÔøΩ,Daddy Yankee,1,2022,3,25,157990698,95,D#,Minor,0.69,0.9,0.91,0.06,0,0.35,0.04
sentaDONA (Remix) s2,"LuÔøΩÔøΩsa Sonza, MC Frog, Dj Gabriel do Borel, Davi K",4,2022,3,17,176290831,135,D#,Minor,0.93,0.77,0.45,0.25,0,0.13,0.27
Falling,Harry Styles,1,2019,12,13,1023187129,110,E,Major,0.57,0.06,0.27,0.84,0,0.09,0.03
Sigue,"Ed Sheeran, J Balvin",2,1996,11,24,106933107,88,G,Major,0.89,0.59,0.64,0.05,0,0.19,0.07
Fim de Semana no Rio,teto,1,2022,3,30,139193812,119,C#,Minor,0.87,0.28,0.5,0.12,0,0.1,0.1
MANIAC,Stray Kids,1,2022,3,18,212234990,120,C#,Major,0.58,0.71,0.8,0.15,0,0.07,0.41
There's Nothing Holdin' Me Back,Shawn Mendes,1,2016,9,23,1714490998,122,D,Major,0.86,0.97,0.8,0.36,0,0.09,0.06
IDGAF (with blackbear),"Blackbear, BoyWithUke",2,2022,3,18,197643795,98,F,Major,0.78,0.83,0.75,0.41,0,0.27,0.08
Golden,Harry Styles,1,2019,12,13,807015863,140,E,Minor,0.45,0.25,0.84,0.21,0,0.13,0.06
Get Lucky - Radio Edit,"Pharrell Williams, Nile Rodgers, Daft Punk",3,2013,1,1,933815613,116,F#,Minor,0.79,0.87,0.81,0.04,0,0.1,0.04
Ain't Shit,Doja Cat,1,2021,6,25,499710590,124,D#,Major,0.86,0.62,0.49,0.51,0,0.35,0.21
"Nobody Like U - From ""Turning Red""","Jordan Fisher, Josh Levi, Finneas O'Connell, 4*TOWN (From Disney and PixarÔøΩÔøΩÔøΩs Turning Red), Topher Ngo, Grayson Vill",6,2022,2,25,120847157,105,A,Minor,0.91,0.73,0.72,0.13,0,0.09,0.15
Still Life,BIGBANG,1,2022,4,5,53909146,118,G#,Major,0.68,0.24,0.58,0.44,0,0.06,0.03
Photograph,Ed Sheeran,1,2014,6,20,2236667932,108,E,Major,0.61,0.2,0.38,0.61,0,0.1,0.05
Love Yourself,Justin Bieber,1,2015,11,9,2123309722,100,E,Major,0.61,0.53,0.38,0.84,0,0.28,0.44
N95,Kendrick Lamar,1,2022,5,13,301242089,140,D#,Minor,0.81,0.39,0.66,0.38,0,0.12,0.14
About Damn Time,Lizzo,1,2022,4,14,723894473,109,A#,Minor,0.84,0.72,0.74,0.1,0,0.34,0.07
Die Hard,"Kendrick Lamar, Blxst, Amanda Reifer",3,2022,5,13,237351106,101,C#,Minor,0.78,0.4,0.74,0.36,0,0.17,0.27
DespuÔøΩÔøΩs de la P,Bad Bunny,1,2022,5,6,461558540,78,F,Major,0.56,0.61,0.9,0.36,0,0.18,0.31
Un Ratito,Bad Bunny,1,2022,5,6,417230415,93,,Minor,0.79,0.22,0.55,0.31,0,0.12,0.05
United In Grief,Kendrick Lamar,1,2022,5,13,156898322,87,G#,Major,0.52,0.32,0.83,0.24,0,0.17,0.43
Father Time (feat. Sampha),"Kendrick Lamar, Sampha",2,2022,5,13,127309180,153,A#,Minor,0.55,0.5,0.78,0.19,0,0.11,0.35
Yo No Soy Celoso,Bad Bunny,1,2022,5,6,313113297,142,,Major,0.87,0.93,0.59,0.28,0,0.17,0.05
Rich Spirit,Kendrick Lamar,1,2022,5,13,173702135,96,A#,Minor,0.85,0.41,0.43,0.39,0,0.12,0.21
Cooped Up (with Roddy Ricch),"Post Malone, Roddy Ricch",2,2022,5,12,271666301,125,,Major,0.5,0.39,0.78,0.04,0,0.11,0.33
Me Fui de Vacaciones,Bad Bunny,1,2022,5,6,305650299,85,A#,Major,0.71,0.43,0.65,0.23,0,0.09,0.05
Silent Hill,"Kendrick Lamar, Kodak Black",2,2022,5,13,123216717,140,C#,Minor,0.92,0.78,0.57,0.46,0,0.14,0.09
La Corriente,"Tony Dize, Bad Bunny",2,2022,5,6,479655659,196,B,Minor,0.66,0.58,0.79,0.23,0,0.22,0.2
Count Me Out,Kendrick Lamar,1,2022,5,13,126191104,134,G,Major,0.78,0.51,0.43,0.69,0,0.14,0.09
Andrea,"Buscabulla, Bad Bunny",2,2022,5,6,344055883,103,C#,Minor,0.8,0.45,0.62,0.76,0,0.1,0.38
Dos Mil 16,Bad Bunny,1,2022,5,6,338422004,130,C#,Major,0.82,0.5,0.67,0.12,0,0.13,0.05
We Cry Together,"Kendrick Lamar, Taylour Paige",2,2022,5,13,68895644,108,B,Major,0.65,0.52,0.69,0.31,0,0.08,0.36
Savior,"Kendrick Lamar, Sam Dew, Baby Keem",3,2022,5,13,86176890,123,G#,Major,0.61,0.66,0.71,0.53,0,0.32,0.46
Un Coco,Bad Bunny,1,2022,5,6,403231558,152,B,Major,0.84,0.74,0.69,0.21,0,0.18,0.06
Otro Atardecer,"Bad Bunny, The MarÔøΩÔ",2,2022,5,6,319546754,108,D,Major,0.78,0.55,0.6,0.59,0,0.07,0.04
Worldwide Steppers,Kendrick Lamar,1,2022,5,13,61739839,72,A#,Minor,0.56,0.56,0.47,0.76,0,0.08,0.36
Aguacero,Bad Bunny,1,2022,5,6,283359161,121,F#,Minor,0.86,0.67,0.65,0.42,0,0.35,0.07
Purple Hearts,"Kendrick Lamar, Ghostface Killah, Summer Walker",3,2022,5,13,76831876,138,D#,Minor,0.57,0.71,0.82,0.19,0,0.15,0.29
Un Verano Sin Ti,Bad Bunny,1,2022,5,6,283332261,188,F,Minor,0.5,0.41,0.5,0.69,0,0.12,0.06
ULTRA SOLO,"Polima WestCoast, Pailita",2,2022,2,14,307752576,110,C#,Major,0.8,0.26,0.85,0.23,0,0.11,0.21
EnsÔøΩÔøΩÔøΩÔøΩame ,Bad Bunny,1,2022,5,6,279737940,105,G#,Major,0.81,0.77,0.79,0.19,0,0.47,0.08
El ApagÔøΩ,Bad Bunny,1,2022,5,6,212351890,118,G#,Major,0.63,0.6,0.7,0.05,0,0.09,0.31
Callaita,"Bad Bunny, Tainy",2,2019,5,31,1304313953,176,D,Major,0.61,0.24,0.62,0.6,0,0.24,0.31
Dua Lipa,Jack Harlow,1,2022,5,6,150500965,158,B,Major,0.83,0.41,0.65,0,0.1,0.11,0.08
Agosto,Bad Bunny,1,2022,5,6,246127838,115,C#,Minor,0.85,0.72,0.58,0.09,0,0.49,0.12
House Of Memories,Panic! At The Disco,1,2016,1,15,582863434,110,B,Minor,0.51,0.48,0.82,0,0,0.05,0.03
Mr. Morale,"Kendrick Lamar, Tanna Leone",2,2022,5,13,58687425,174,A,Major,0.73,0.26,0.54,0.3,0,0.34,0.32
That That (prod. & feat. SUGA of BTS),"PSY, Suga",2,2022,4,29,212109195,130,E,Major,0.91,0.91,0.96,0.03,0,0.03,0.09
In The Stars,Benson Boone,1,2022,4,29,382199619,78,A#,Major,0.36,0.3,0.54,0.34,0,0.14,0.05
Rich - Interlude,Kendrick Lamar,1,2022,5,13,41210087,104,G,Major,0.44,0.74,0.42,0.88,0,0.09,0.09
SUPERMODEL,MÔøΩÔøΩne,1,2022,5,13,231657891,121,G,Major,0.64,0.8,0.88,0,0,0.12,0.06
Stefania (Kalush Orchestra),KALUSH,1,2022,3,10,53729194,105,D,Major,0.83,0.32,0.82,0.14,0,0.12,0.04
Thousand Miles,The Kid Laroi,1,2022,4,22,244741137,81,G,Major,0.38,0.2,0.66,0.09,0,0.09,0.08
Crown,Kendrick Lamar,1,2022,5,13,42485571,170,C#,Minor,0.37,0.14,0.24,0.8,0,0.11,0.04
Auntie Diaries,Kendrick Lamar,1,2022,5,13,37778188,78,G,Major,0.43,0.6,0.38,0.76,0.01,0.48,0.38
PUFFIN ON ZOOTIEZ,Future,1,2022,4,29,254218729,125,G#,Major,0.88,0.28,0.66,0.06,0,0.13,0.31
Mirror,Kendrick Lamar,1,2022,5,13,53603447,92,E,Minor,0.66,0.29,0.65,0.23,0,0.08,0.07
Beautiful Girl,Luciano,1,2022,4,22,160035717,140,B,Minor,0.84,0.61,0.42,0.31,0,0.09,0.09
"Paulo Londra: Bzrp Music Sessions, Vol. 23","Bizarrap, Paulo Londra",2,2022,4,25,164163229,96,,Major,0.61,0.32,0.9,0.25,0,0.1,0.09
Savior - Interlude,Kendrick Lamar,1,2022,5,13,37091576,118,F,Minor,0.66,0.83,0.43,0.84,0,0.19,0.19
Pasoori,"Shae Gill, Ali Sethi",2,2022,2,6,284249832,92,B,Minor,0.71,0.67,0.6,0.07,0,0.06,0.04
Mother I Sober (feat. Beth Gibbons of Portishead),"Kendrick Lamar, Beth Gibbons",2,2022,5,13,33381454,140,G#,Minor,0.49,0.5,0.37,0.87,0,0.11,0.35
TUS LÔøΩÔøΩGR,"Sech, Mora",2,2022,4,1,184622518,174,C#,Major,0.68,0.45,0.71,0.18,0,0.11,0.25
Where Did You Go?,"MNEK, Jax Jones",2,2022,1,26,300983101,127,A#,Major,0.77,0.53,0.78,0.19,0,0.29,0.04
I Tried to Tell Y'all,"Ugly Dray, Tesla Jnr",2,2022,5,6,121077868,96,B,Major,0.71,0.37,0.52,0.62,0,0.11,0.36
Honest (feat. Don Toliver),"Justin Bieber, Don Toliver",2,2022,4,29,106919680,150,G#,Minor,0.82,0.82,0.66,0.13,0,0.11,0.06
ZOOM,Jessi,1,2022,4,13,136996305,100,F#,Major,0.87,0.46,0.6,0.01,0,0.13,0.16
SloMo,Chanel,1,2021,12,24,65719930,105,C#,Minor,0.73,0.59,0.81,0.13,0,0.09,0.06
FEARLESS,LE SSERAFIM,1,2022,5,2,229497852,104,G,Major,0.86,0.43,0.62,0.05,0,0.13,0.14
10 Things I Hate About You,Leah Kate,1,2022,3,23,185550869,154,G#,Major,0.54,0.45,0.79,0.01,0,0.17,0.05
SPACE MAN,Sam Ryder,1,2022,2,22,54682594,80,B,Major,0.47,0.33,0.83,0.18,0,0.1,0.05
With you,"HA SUNG WOON, Jimin",2,2022,4,24,240580042,150,D#,Major,0.53,0.14,0.43,0.64,0,0.13,0.03
Iris,The Goo Goo Dolls,1,1998,3,31,1284942608,156,B,Minor,0.32,0.49,0.72,0,0,0.09,0.04
The Heart Part 5,Kendrick Lamar,1,2022,5,8,71423324,98,G#,Minor,0.76,0.79,0.81,0.18,0,0.06,0.34
San Lucas,Kevin Kaarl,1,2019,11,7,244891912,92,G,Major,0.58,0.27,0.36,0.86,0,0.09,0.03
This Love (TaylorÔøΩÔøΩÔøΩs Ve,Taylor Swift,1,2022,5,6,132171975,144,E,Major,0.47,0.07,0.5,0.32,0,0.07,0.04
Good Looking,Suki Waterhouse,1,2017,10,20,184706613,150,E,Major,0.37,0.27,0.56,0.08,0,0.13,0.03
Flowers,Lauren Spencer Smith,1,2021,8,9,184826429,138,D#,Major,0.7,0.31,0.44,0.84,0,0.09,0.39
Yet To Come,BTS,1,2022,6,10,302006641,172,C#,Major,0.56,0.68,0.89,0.04,0,0.33,0.19
Run BTS,BTS,1,2022,6,10,330881149,77,G#,Major,0.72,0.7,0.82,0.02,0,0.04,0.17
Music For a Sushi Restaurant,Harry Styles,1,2022,5,20,334733572,107,B,Major,0.72,0.36,0.72,0.26,0.06,0.11,0.04
Matilda,Harry Styles,1,2022,5,20,366214458,114,D,Major,0.51,0.39,0.29,0.9,0,0.1,0.04
For Youth,BTS,1,2022,6,10,114546317,117,D,Major,0.63,0.29,0.51,0.43,0,0.25,0.04
Daylight,Harry Styles,1,2022,5,20,290833204,146,,Major,0.69,0.63,0.45,0.48,0,0.18,0.04
Vegas (From the Original Motion Picture Soundtrack ELVIS),Doja Cat,1,2022,5,6,448500832,160,G#,Minor,0.8,0.74,0.6,0.08,0,0.14,0.26
Cash In Cash Out,"Pharrell Williams, Tyler, The Creator, 21 Savage",4,2022,6,10,136676504,120,G,Major,0.88,0.15,0.56,0.01,0,0.08,0.06
Potion (with Dua Lipa & Young Thug),"Calvin Harris, Dua Lipa, Young Thug",3,2022,5,27,190625045,100,B,Minor,0.82,0.76,0.7,0.16,0,0.08,0.05
Born Singer,BTS,1,2022,6,10,79095270,158,G#,Minor,0.6,0.68,0.84,0.04,0,0.24,0.11
Little Freak,Harry Styles,1,2022,5,20,273194684,142,D#,Major,0.56,0.4,0.54,0.72,0,0.1,0.04
La Llevo Al Cielo (Ft. ÔøΩÔøΩengo F,"Nengo Flow, Anuel Aa, Chris Jedi, Chencho Corleone",4,2022,5,20,333146475,170,A,Minor,0.8,0.77,0.85,0.11,0,0.17,0.14
True Love,"Kanye West, XXXTENTACION",2,2022,5,27,194902696,84,F,Minor,0.71,0.39,0.86,0.02,0,0.51,0.25
Satellite,Harry Styles,1,2022,5,20,311482393,139,,Major,0.58,0.3,0.46,0.14,0,0.09,0.03
Pass The Dutchie,Musical Youth,1,1982,1,1,195918494,151,G,Major,0.73,0.88,0.67,0.2,0,0.32,0.05
"Villano Antillano: Bzrp Music Sessions, Vol. 51","Bizarrap, Villano Antillano",2,2022,6,8,248511839,128,C#,Minor,0.82,0.42,0.75,0.06,0,0.63,0.06
Love Of My Life,Harry Styles,1,2022,5,20,233671263,118,G,Major,0.56,0.2,0.54,0.67,0,0.06,0.05
Grapejuice,Harry Styles,1,2022,5,20,199587884,183,F,Major,0.65,0.88,0.72,0.36,0.14,0.2,0.03
So Good,Halsey,1,2022,6,9,91781263,83,D#,Minor,0.63,0.29,0.62,0.04,0,0.18,0.04
Belly Dancer,"BYOR, Imanbek",2,2022,2,18,383835984,122,C#,Major,0.85,0.42,0.8,0.06,0,0.17,0.14
Keep Driving,Harry Styles,1,2022,5,20,236060709,165,A,Major,0.72,0.9,0.48,0.32,0,0.18,0.23
Cinema,Harry Styles,1,2022,5,20,189236868,106,A,Minor,0.83,0.9,0.64,0.35,0.05,0.09,0.04
Die Young (feat. 347aidan),"Sleepy hallow, 347aidan",2,2022,5,25,160845341,77,B,Major,0.81,0.68,0.58,0.83,0,0.11,0.34
Only Love Can Hurt Like This,Paloma Faith,1,2014,1,1,588955257,91,G#,Major,0.57,0.3,0.89,0.1,0,0.33,0.08
Hold My Hand,Lady Gaga,1,2022,5,3,238350348,148,G,Major,0.51,0.21,0.63,0.05,0,0.41,0.03
Daydreaming,Harry Styles,1,2022,5,20,187703102,114,E,Minor,0.71,0.9,0.81,0.31,0.02,0.13,0.03
Numb,"Marshmello, Khalid",2,2022,6,10,295307001,120,,Minor,0.91,0.63,0.77,0.12,0.01,0.1,0.05
Nos Comemos (feat. Ozuna),"Ozuna, Tiago pzk",2,2022,6,2,138334433,92,F#,Major,0.83,0.56,0.82,0.1,0,0.09,0.05
Me and Your Mama,Childish Gambino,1,2016,11,10,445590495,118,F,Major,0.56,0.25,0.45,0.01,0.03,0.07,0.03
Crazy What Love Can Do,"David Guetta, Ella Henderson, Becky Hill",3,2022,3,18,286739476,123,E,Minor,0.6,0.46,0.71,0.03,0,0.16,0.04
SLOW DANCING IN THE DARK,Joji,1,2018,9,12,1122364376,89,D#,Major,0.52,0.28,0.48,0.54,0.01,0.19,0.03
Antes de Perderte,Duki,1,2022,6,2,157136970,110,F,Minor,0.81,0.61,0.93,0.49,0,0.12,0.11
Boyfriends,Harry Styles,1,2022,5,20,137070925,118,,Major,0.42,0.32,0.2,0.94,0,0.11,0.04
295,Sidhu Moose Wala,1,2021,5,15,183273246,90,B,Minor,0.68,0.54,0.76,0.21,0,0.11,0.2
Tak Ingin Usai,Keisya Levronka,1,2022,5,13,184807630,130,,Major,0.49,0.14,0.4,0.82,0,0.11,0.03
En El Radio Un Cochinero,Victor Cibrian,1,2022,5,13,164856284,154,F#,Minor,0.7,0.97,0.62,0.47,0,0.1,0.04
Master of Puppets (Remastered),Metallica,1,1986,3,3,704171068,105,E,Minor,0.54,0.59,0.83,0,0.44,0.2,0.04
BREAK MY SOUL,BeyoncÔø,1,2022,6,21,354614964,115,C#,Minor,0.7,0.87,0.88,0.04,0,0.26,0.08
ULTRA SOLO REMIX,"De La Ghetto, Feid, Polima WestCoast, Paloma Mami, Pailita",5,2022,6,16,279717388,110,C#,Major,0.91,0.59,0.82,0.08,0,0.06,0.08
Massive,Drake,1,2022,6,17,195628667,125,E,Minor,0.51,0.05,0.68,0.12,0.02,0.15,0.06
Betty (Get Money),Yung Gravy,1,2022,6,10,221752937,102,C#,Major,0.73,0.62,0.75,0,0,0.34,0.08
Ojos Marrones,Lasso,1,2022,2,6,263280370,120,G#,Minor,0.81,0.72,0.65,0.04,0,0.14,0.04
POP!,Nayeon,1,2022,6,24,213505179,97,D,Major,0.8,0.36,0.86,0.04,0,0.03,0.05
Layla,"SchÔøΩÔøΩrze, DJ R",2,2022,3,24,130419412,140,F,Minor,0.44,0.41,0.92,0,0,0.44,0.07
MORE,j-hope,1,2022,7,1,155795783,97,D,Major,0.78,0.31,0.72,0.01,0,0.11,0.04
Sweet Child O' Mine,Guns N' Roses,1,1987,1,1,1553497987,125,F#,Major,0.45,0.67,0.9,0.09,0.11,0.1,0.05
Last Last,Burna Boy,1,2022,5,12,293466523,88,D#,Minor,0.8,0.55,0.56,0.13,0,0.08,0.09
SNAP,Rosa Linn,1,2022,3,19,711366595,170,,Major,0.56,0.52,0.64,0.11,0,0.45,0.07
Sticky,Drake,1,2022,6,17,191448892,137,A#,Minor,0.88,0.08,0.49,0.09,0,0.09,0.14
Hot Shit (feat. Ye & Lil Durk),"Kanye West, Lil Durk, Cardi B",3,2022,7,1,85924992,157,A,Major,0.88,0.52,0.69,0,0,0.08,0.23
Ai Preto,"L7nnon, DJ Biel do Furduncinho, Bianca",3,2022,6,3,176103902,130,F#,Major,0.95,0.83,0.57,0.54,0,0.1,0.25
La Loto,"Anitta, Tini, Becky G",3,2022,7,6,121189256,90,C#,Major,0.85,0.8,0.83,0.1,0,0.08,0.11
die first,Nessa Barrett,1,2022,6,24,131746175,183,G#,Minor,0.44,0.44,0.67,0.07,0,0.12,0.13
Afraid To Feel,LF System,1,2022,5,2,244790012,128,C#,Major,0.58,0.68,0.91,0.02,0,0.27,0.11
Baile no Morro,"Mc Vitin Da Igrejinha, MC Tairon, DJ Win",3,2022,6,10,129314708,130,D#,Minor,0.71,0.78,0.4,0.46,0,0.07,0.45
cÔøΩÔøΩmo dormi,Rels B,1,2022,8,4,331511413,126,C#,Major,0.63,0.56,0.43,0.24,0,0.12,0.23
Bad Decisions (with BTS & Snoop Dogg),"Snoop Dogg, BTS, Benny Blanco",3,2022,8,5,219196651,120,,Major,0.77,0.94,0.87,0.02,0,0.23,0.12
STAYING ALIVE (feat. Drake & Lil Baby),"Drake, DJ Khaled, Lil Baby",3,2022,8,5,170732845,130,E,Minor,0.72,0.18,0.46,0.07,0,0.28,0.08
Caile,Luar La L,1,2020,12,18,273914335,122,,Major,0.7,0.46,0.76,0.3,0,0.09,0.45
Si Te La Encuentras Por AhÔø,Feid,1,2022,8,5,179061440,172,G#,Minor,0.74,0.46,0.58,0.15,0,0.13,0.08
GIVENCHY,Duki,1,2022,7,20,185236961,103,G#,Major,0.61,0.38,0.62,0.14,0,0.23,0.4
ALIEN SUPERSTAR,BeyoncÔø,1,2022,7,29,171788484,122,A#,Minor,0.55,0.46,0.64,0,0,0.17,0.1
Mary On A Cross,Ghost,1,2019,9,13,387080183,130,B,Major,0.47,0.56,0.9,0,0,0.1,0.04
Attention,NewJeans,1,2022,8,1,264717480,105,A#,Minor,0.81,0.7,0.65,0.24,0,0.08,0.04
THE SHADE,Rex Orange County,1,2022,3,11,244928911,120,F,Major,0.9,0.73,0.51,0.39,0,0.09,0.06
"Come Back Home - From ""Purple Hearts""",Sofia Carson,1,2022,7,12,97610446,145,G,Major,0.56,0.43,0.53,0.24,0,0.12,0.04
El Rescate,"Grupo Marca Registrada, Junior H",2,2022,7,22,287278853,99,G,Minor,0.79,0.64,0.59,0.28,0,0.11,0.14
Heartless,Kanye West,1,2008,1,1,887906111,88,A#,Minor,0.79,0.66,0.65,0.05,0,0.25,0.14
"Stay With Me (with Justin Timberlake, Halsey, & Pharrell)","Calvin Harris, Halsey, Pharrell Williams, Justin Timberlake",4,2022,7,15,123473120,126,A,Major,0.81,0.9,0.73,0.28,0,0.29,0.04
Siempre Pendientes,"Peso Pluma, Luis R Conriquez",2,2022,8,15,295152154,136,,Major,0.77,0.71,0.75,0.33,0.01,0.13,0.04
JGL,"Luis R Conriquez, La Adictiva",2,2022,2,18,323455692,113,G#,Major,0.7,0.97,0.59,0.55,0,0.27,0.12
Don't You Worry,"David Guetta, Shakira, Black Eyed Peas",3,2022,6,16,240918092,132,B,Major,0.82,0.49,0.88,0.2,0,0.21,0.03
Pipoco,"Melody, Ana Castela, Dj Chris No Beat",3,2022,5,20,191873381,135,G#,Major,0.77,0.74,0.74,0.47,0,0.34,0.08
Hold Me Closer,"Elton John, Britney Spears",2,2017,11,10,284216603,126,,Major,0.67,0.49,0.77,0.11,0,0.19,0.11
Forget Me,Lewis Capaldi,1,2022,9,9,239411309,102,C#,Minor,0.67,0.72,0.74,0.3,0,0.36,0.04
After LIKE,IVE,1,2022,8,22,265548837,125,,Major,0.68,0.8,0.92,0.1,0,0.09,0.12
Bound 2,Kanye West,1,2013,1,1,703301727,149,C#,Major,0.37,0.28,0.66,0.14,0,0.09,0.05
B.O.T.A. (Baddest Of Them All) - Edit,"Interplanetary Criminal, Eliza Rose",2,2022,6,15,244585109,137,,Major,0.74,0.71,0.89,0.24,0.61,0.15,0.05
Talk that Talk,TWICE,1,2022,8,26,189476119,120,D#,Minor,0.77,0.78,0.91,0.14,0,0.33,0.12
BILLIE EILISH.,Armani White,1,2022,1,20,277132266,100,C#,Major,0.9,0.75,0.5,0.11,0,0.09,0.26
Ferxxo 100,Feid,1,2022,6,3,278920007,164,G#,Minor,0.7,0.58,0.57,0.25,0,0.15,0.07
KU LO SA - A COLORS SHOW,Oxlade,1,2022,6,10,222410722,93,A#,Minor,0.65,0.79,0.66,0.31,0,0.22,0.07
Prohibidox,Feid,1,2022,9,13,185392587,180,C#,Minor,0.65,0.52,0.8,0.05,0,0.06,0.25
Static,Steve Lacy,1,2022,7,15,202452860,79,C#,Major,0.34,0.22,0.31,0.43,0.63,0.1,0.07
The Scientist,Coldplay,1,2002,8,5,1608164312,146,F,Major,0.56,0.21,0.44,0.73,0,0.11,0.02
Sparks,Coldplay,1,2000,7,10,624101957,103,C#,Major,0.37,0.17,0.27,0.75,0.05,0.1,0.03
Talk,YEAT,1,2022,9,2,148461629,140,E,Minor,0.7,0.26,0.76,0.08,0,0.54,0.23
XQ Te Pones AsÔø,"Yandel, Feid",2,2022,9,13,47093942,92,A#,Major,0.81,0.48,0.7,0.13,0,0.15,0.07
Selfish,PnB Rock,1,2016,6,23,380319238,102,C#,Minor,0.64,0.04,0.6,0.11,0,0.19,0.04
Sin SeÔøΩÔ,"Ovy On The Drums, Quevedo",2,2022,7,22,209106362,118,B,Minor,0.82,0.75,0.85,0.33,0.01,0.11,0.04
Lady Mi Amor,Feid,1,2022,9,13,53987404,93,D,Major,0.78,0.75,0.62,0.06,0,0.15,0.06
Poland,Lil Yachty,1,2022,6,23,115331792,150,F,Minor,0.7,0.26,0.56,0.14,0.83,0.11,0.05
THE LONELIEST,MÔøΩÔøΩne,1,2022,10,7,225093344,130,D,Major,0.52,0.24,0.6,0,0,0.08,0.03
Bye Bye,"Marshmello, Juice WRLD",2,2022,10,14,84697729,83,D#,Minor,0.65,0.24,0.53,0.06,0,0.51,0.04
BABY OTAKU,"Fran C, Polima WestCoast, Nickoog Clk, Pablito Pesadilla",4,2022,8,18,159240673,102,A,Major,0.84,0.43,0.75,0.05,0,0.06,0.08
Nxde,(G)I-DLE,1,2022,10,17,170709584,136,E,Minor,0.73,0.65,0.91,0.04,0,0.48,0.18
Miss You,Southstar,1,1982,5,16,154356956,145,A,Major,0.66,0.24,0.58,0.17,0,0.19,0.05
we fell in love in october,girl in red,1,2018,11,21,723043854,130,G,Major,0.57,0.24,0.37,0.11,0.18,0.16,0.03
2 Be Loved (Am I Ready),Lizzo,1,2022,7,14,247689123,156,G,Major,0.72,0.92,0.77,0.09,0,0.08,0.11
Celestial,Ed Sheeran,1,2022,9,29,176474912,123,D,Major,0.57,0.5,0.85,0.05,0,0.16,0.04
Typa Girl,BLACKPINK,1,2022,9,16,235549288,132,G,Major,0.92,0.53,0.62,0.07,0,0.63,0.1
I Really Want to Stay at Your House,"Rosa Walton, Hallie Coggins",2,2020,12,18,140430339,125,D#,Minor,0.49,0.13,0.74,0,0,0.09,0.04
California Breeze,Lil Baby,1,2022,10,14,85559365,162,F,Minor,0.74,0.22,0.67,0,0,0.11,0.46
Bamba (feat. Aitch & BIA),"Luciano, Aitch, BÔøΩ",3,2022,9,22,146223492,138,A#,Major,0.8,0.82,0.81,0.14,0,0.13,0.36
Casei Com a Putaria,"MC Ryan SP, Love Funk, Mc Paiva ZS",3,2022,7,1,187701588,161,A#,Minor,0.59,0.62,0.6,0.12,0,0.05,0.44
Major Distribution,"Drake, 21 Savage",2,2022,11,4,154863153,131,G#,Minor,0.91,0.23,0.55,0.01,0,0.07,0.32
Pussy & Millions (feat. Travis Scott),"Drake, Travis Scott, 21 Savage",3,2022,11,4,191333656,122,E,Minor,0.75,0.45,0.63,0.06,0,0.35,0.12
Vigilante Shit,Taylor Swift,1,2022,10,21,253650850,80,E,Minor,0.8,0.16,0.28,0.17,0,0.12,0.39
Question...?,Taylor Swift,1,2022,10,21,223064273,109,G,Major,0.75,0.11,0.5,0.2,0,0.3,0.17
On BS,"Drake, 21 Savage",2,2022,11,4,170413877,158,A,Major,0.84,0.33,0.36,0.02,0,0.39,0.59
Mastermind,Taylor Swift,1,2022,10,21,218320587,126,E,Major,0.66,0.12,0.35,0.55,0,0.09,0.14
Circo Loco,"Drake, 21 Savage",2,2022,11,4,141720999,104,C#,Major,0.73,0.25,0.61,0.01,0,0.32,0.07
Labyrinth,Taylor Swift,1,2022,10,21,187339835,110,,Major,0.48,0.15,0.31,0.8,0.22,0.12,0.04
Spin Bout U,"Drake, 21 Savage",2,2022,11,4,198365537,130,G,Major,0.77,0.2,0.7,0.01,0,0.16,0.05
Sweet Nothing,Taylor Swift,1,2022,10,21,186104310,177,,Major,0.34,0.39,0.16,0.97,0,0.12,0.05
"Would've, Could've, Should've",Taylor Swift,1,2022,10,21,177503916,158,G,Major,0.48,0.55,0.84,0.43,0,0.15,0.12
Con La Brisa,"Ludwig Goransson, Foudeqush",2,2022,11,4,71095708,114,D,Minor,0.62,0.25,0.44,0.51,0.33,0.14,0.03
Privileged Rappers,"Drake, 21 Savage",2,2022,11,4,112436403,144,F,Major,0.93,0.62,0.61,0,0,0.12,0.2
The Astronaut,Jin,1,2022,10,28,203436468,125,F,Major,0.54,0.22,0.76,0,0,0.14,0.03
BackOutsideBoyz,Drake,1,2022,11,4,93367537,142,F,Minor,0.85,0.4,0.43,0.04,0,0.39,0.32
Broke Boys,"Drake, 21 Savage",2,2022,11,4,106249219,120,D,Major,0.64,0.11,0.53,0.01,0,0.25,0.27
The Great War,Taylor Swift,1,2022,10,21,181382590,96,F,Major,0.57,0.55,0.74,0.22,0,0.08,0.04
My Mind & Me,Selena Gomez,1,2022,11,3,91473363,144,A,Major,0.6,0.24,0.39,0.57,0,0.08,0.03
Bigger Than The Whole Sky,Taylor Swift,1,2022,10,21,121871870,166,F#,Major,0.42,0.07,0.24,0.83,0.01,0.12,0.06
A Veces (feat. Feid),"Feid, Paulo Londra",2,2022,11,3,73513683,92,C#,Major,0.8,0.81,0.67,0.04,0,0.08,0.06
En La De Ella,"Feid, Sech, Jhayco",3,2022,10,20,133895612,97,C#,Major,0.82,0.67,0.77,0.08,0,0.12,0.05
Alone,Burna Boy,1,2022,11,4,96007391,90,E,Minor,0.61,0.32,0.67,0.15,0,0.11,0.05
